timestamp,f0,f1,f2,f3,f4,f5,f6,f7,f8,f9,f10,f11,f12,f13,f14,f15,f16,f17,f18,f19,f20,f21,f22,f23,f24,f25,f26,f27,f28,f29,f30,f31,f32,f33,f34,f35,f36,f37,f38,f39,f40,f41,f42,f43,f44,f45,f46,f47,f48,f49,f50,f51,f52,f53,f54,f55,f56,f57,f58,f59,f60,f61,f62,f63,f64,f65,f66,target
2026-10-01T20:21:00,-1.00000000,0.67741936,0.00000000,0.32258064,0.91176468,-1.00000000,0.95454544,0.00000000,0.04545455,0.64705884,-1.00000000,0.96296299,0.00000000,0.03703704,0.79411763,-1.00000000,1.00000000,0.00000000,0.00000000,0.55882353,-1.00000000,1.00000000,0.00000000,0.00000000,2.32352948,1.00000000,1.00000000,0.00000000,0.00000000,2.97058821,1.00000000,0.89743590,0.10256410,0.00000000,2.29411769,1.00000000,1.00000000,0.00000000,0.00000000,4.26470566,1.00000000,0.98717946,0.01282051,0.00000000,2.29411769,-1.00000000,1.00000000,0.00000000,0.00000000,1.00000000,-1.00000000,1.00000000,0.00000000,0.00000000,1.00000000,-1.00000000,1.00000000,0.00000000,0.00000000,1.00000000,0.33333334,0.95662862,-0.47058824,5.70588255,7.20588255,-1.00000000,-3.00000000,ROJA
2026-10-01T20:22:00,-1.00000000,0.67741936,0.00000000,0.32258064,0.59615386,-1.00000000,1.00000000,0.00000000,0.00000000,0.40384614,-1.00000000,0.92592591,0.03703704,0.03703704,0.51923078,-1.00000000,1.00000000,0.00000000,0.00000000,0.34615386,-1.00000000,0.98734176,0.00000000,0.01265823,1.51923072,1.00000000,0.99009901,0.00000000,0.00990099,1.94230771,1.00000000,1.00000000,0.00000000,0.00000000,1.34615386,1.00000000,0.96644294,0.03355705,0.00000000,2.86538458,1.00000000,1.00000000,0.00000000,0.00000000,1.57692313,-1.00000000,0.73469388,0.00000000,0.26530612,1.88461542,-1.00000000,1.00000000,0.00000000,0.00000000,0.65384614,-1.00000000,1.00000000,0.00000000,0.00000000,0.65384614,0.33333334,0.94016021,-1.69230771,2.42307687,3.40384626,-1.00000000,-3.00000000,ROJA
2026-10-01T20:23:00,-1.00000000,1.00000000,0.00000000,0.00000000,0.31404960,-1.00000000,0.98809522,0.00000000,0.01190476,1.38842976,1.00000000,1.00000000,0.00000000,0.00000000,1.75206614,1.00000000,0.89024389,0.10975610,0.00000000,1.35537195,1.00000000,1.00000000,0.00000000,0.00000000,2.54545450,1.00000000,0.98863637,0.00000000,0.01136364,1.45454550,-1.00000000,0.82857144,0.00952381,0.16190477,1.73553717,-1.00000000,0.84615386,0.02564103,0.12820514,0.64462811,-1.00000000,1.00000000,0.00000000,0.00000000,0.56198347,-1.00000000,1.00000000,0.00000000,0.00000000,0.56198347,-1.00000000,1.00000000,0.00000000,0.00000000,0.56198347,-1.00000000,1.00000000,0.00000000,0.00000000,0.56198347,0.33333334,0.96180838,0.00000000,-0.71074378,3.47107434,-5.00000000,-6.00000000,ROJA
2026-10-01T20:31:00,1.00000000,0.98750001,0.00000000,0.01250000,1.95121956,-1.00000000,0.82291669,0.01041667,0.16666667,2.34146333,-1.00000000,0.83333331,0.02777778,0.13888890,0.87804878,1.00000000,1.00000000,0.00000000,0.00000000,1.87804878,-1.00000000,0.83333331,0.00000000,0.16666667,0.14634146,-1.00000000,0.43750000,0.56250000,0.00000000,0.39024389,1.00000000,0.91304350,0.04347826,0.04347826,0.56097561,-1.00000000,1.00000000,0.00000000,0.00000000,0.46341464,1.00000000,0.76086956,0.00000000,0.23913044,1.12195122,-1.00000000,1.00000000,0.00000000,0.00000000,1.19512200,-1.00000000,0.41739130,0.52173913,0.06086956,2.80487800,-1.00000000,1.00000000,0.00000000,0.00000000,0.82926828,0.33333334,0.83382398,-2.65853667,-2.24390244,-2.63414645,-3.00000000,-3.00000000,ROJA
2026-10-01T20:32:00,-1.00000000,0.82857144,0.00952381,0.16190477,2.76315784,-1.00000000,0.82051283,0.02564103,0.15384616,1.02631581,1.00000000,1.00000000,0.00000000,0.00000000,2.21052623,-1.00000000,0.83333331,0.16666667,0.00000000,0.15789473,-1.00000000,0.44444445,0.55555558,0.00000000,0.47368422,1.00000000,1.00000000,0.00000000,0.00000000,0.63157892,-1.00000000,1.00000000,0.00000000,0.00000000,0.52631581,1.00000000,1.00000000,0.00000000,0.00000000,0.97368419,-1.00000000,0.98148149,0.01851852,0.00000000,1.42105258,-1.00000000,0.43650794,0.52380955,0.03968254,3.31578946,-1.00000000,1.00000000,0.00000000,0.00000000,2.13157892,-1.00000000,1.00000000,0.00000000,0.00000000,0.89473683,0.25000000,0.86207098,-3.73684216,-4.15789461,-2.84210515,-3.00000000,-4.00000000,VERDE
2026-10-01T20:33:00,-1.00000000,0.82857144,0.00952381,0.16190477,2.01923084,-1.00000000,0.82051283,0.02564103,0.15384616,0.75000000,1.00000000,1.00000000,0.00000000,0.00000000,1.61538458,-1.00000000,0.83333331,0.16666667,0.00000000,0.11538462,-1.00000000,0.44444445,0.55555558,0.00000000,0.34615386,1.00000000,1.00000000,0.00000000,0.00000000,0.46153846,-1.00000000,1.00000000,0.00000000,0.00000000,0.38461539,1.00000000,0.74000001,0.02000000,0.23999999,0.96153843,-1.00000000,0.98148149,0.01851852,0.00000000,1.03846157,-1.00000000,0.43650794,0.52380955,0.03968254,2.42307687,-1.00000000,0.98765433,0.00000000,0.01234568,1.55769229,1.00000000,0.70454544,0.00757576,0.28787878,2.53846145,0.33333334,0.81475425,-0.67307693,-0.98076922,-0.01923077,-1.00000000,1.00000000,ROJA
2026-10-01T20:34:00,1.00000000,1.00000000,0.00000000,0.00000000,1.80246913,-1.00000000,1.00000000,0.00000000,0.00000000,0.12345679,-1.00000000,0.50000000,0.50000000,0.00000000,0.39506173,1.00000000,1.00000000,0.00000000,0.00000000,0.51851851,-1.00000000,1.00000000,0.00000000,0.00000000,0.44444445,1.00000000,1.00000000,0.00000000,0.00000000,0.81481481,-1.00000000,0.97872341,0.02127660,0.00000000,1.16049385,-1.00000000,0.43119267,0.52293581,0.04587156,2.69135809,-1.00000000,0.98571426,0.00000000,0.01428571,1.72839510,1.00000000,1.00000000,0.00000000,0.00000000,2.27160501,1.00000000,0.88990825,0.11009175,0.00000000,2.69135809,-1.00000000,1.00000000,0.00000000,0.00000000,0.83950615,0.41666666,0.89879489,4.32098770,1.62962961,1.18518519,-1.00000000,-1.00000000,ROJA
2026-10-01T20:35:00,-1.00000000,0.18367347,0.40816328,0.40816328,0.46666667,-1.00000000,0.05555556,0.00000000,0.94444442,0.68571430,-1.00000000,0.75000000,0.00000000,0.25000000,0.11428571,-1.00000000,0.05820106,0.94179893,0.00000000,1.79999995,-1.00000000,0.08333334,0.90476191,0.01190476,0.80000001,-1.00000000,0.08256881,0.00000000,0.91743118,1.03809524,-1.00000000,0.11702128,0.00000000,0.88297874,0.89523810,-1.00000000,0.08910891,0.00000000,0.91089112,0.96190476,-1.00000000,0.08256881,0.91743118,0.00000000,1.03809524,-1.00000000,0.05687204,0.00000000,0.94312799,2.00952387,-1.00000000,0.03879310,0.09913793,0.86206895,2.20952392,-1.00000000,0.07339449,0.92660552,0.00000000,1.03809524,0.00000000,0.13925757,1.14285719,0.19047619,-0.95238096,-5.00000000,-12.00000000,ROJA
2026-10-01T20:57:00,-1.00000000,0.52631581,0.47368422,0.00000000,0.53023255,-1.00000000,0.84745765,0.15254237,0.00000000,1.09767437,-1.00000000,0.84745765,0.15254237,0.00000000,1.09767437,1.00000000,0.05785124,0.91735536,0.02479339,1.12558138,-1.00000000,0.11940298,0.82835823,0.05223881,1.24651158,1.00000000,0.12598425,0.87401575,0.00000000,1.18139529,1.00000000,0.72932333,0.12030075,0.15037593,1.23720932,1.00000000,0.24444444,0.35555556,0.40000001,0.41860464,1.00000000,0.28865978,0.11340206,0.59793812,0.90232557,-1.00000000,0.73118281,0.00000000,0.26881722,0.86511630,1.00000000,0.98648649,0.01351351,0.00000000,0.68837208,-1.00000000,0.50666666,0.00000000,0.49333334,0.69767439,0.50000000,0.50093609,-0.40000001,-0.17674419,-0.15813954,1.00000000,-1.00000000,VERDE
2026-10-01T20:58:00,-1.00000000,0.10958904,0.84246576,0.04794521,1.60439563,1.00000000,0.10791367,0.89208633,0.00000000,1.52747250,1.00000000,0.10791367,0.89208633,0.00000000,1.52747250,1.00000000,0.66206896,0.20689656,0.13103448,1.59340656,1.00000000,0.22000000,0.41999999,0.36000001,0.54945058,1.00000000,0.28421053,0.11578947,0.60000002,1.04395604,-1.00000000,0.67346936,0.07142857,0.25510204,1.07692313,1.00000000,1.00000000,0.00000000,0.00000000,0.81318682,1.00000000,1.00000000,0.00000000,0.00000000,0.81318682,-1.00000000,0.42528737,0.14942528,0.42528737,0.95604396,1.00000000,0.72000003,0.28000000,0.00000000,0.54945058,1.00000000,0.72000003,0.28000000,0.00000000,0.54945058,0.75000000,0.50253773,-0.15384616,0.63736266,1.36263740,3.00000000,2.00000000,VERDE
2026-10-01T20:59:00,1.00000000,0.58579880,0.41420117,0.00000000,2.34722233,1.00000000,0.58579880,0.41420117,0.00000000,2.34722233,1.00000000,0.58579880,0.41420117,0.00000000,2.34722233,1.00000000,0.58579880,0.41420117,0.00000000,2.34722233,1.00000000,0.59722221,0.40277779,0.00000000,1.00000000,1.00000000,0.59722221,0.40277779,0.00000000,1.00000000,1.00000000,0.58904111,0.39726028,0.01369863,1.01388884,1.00000000,0.59722221,0.40277779,0.00000000,1.00000000,1.00000000,0.59722221,0.40277779,0.00000000,1.00000000,1.00000000,1.00000000,0.00000000,0.00000000,0.44444445,1.00000000,1.00000000,0.00000000,0.00000000,0.44444445,1.00000000,0.56603771,0.35849056,0.07547170,0.73611110,1.00000000,0.65726358,0.38888890,0.38888890,0.95833331,5.00000000,12.00000000,VERDE
2026-10-01T21:00:00,1.00000000,0.17791411,0.82208592,0.00000000,1.18978107,1.00000000,0.17682926,0.81707317,0.00609756,1.19708025,1.00000000,0.17791411,0.82208592,0.00000000,1.18978107,1.00000000,0.17791411,0.82208592,0.00000000,1.18978107,1.00000000,0.24264705,0.75735295,0.00000000,0.99270076,1.00000000,0.24264705,0.75735295,0.00000000,0.99270076,1.00000000,0.23913044,0.74637681,0.01449275,1.00729930,1.00000000,0.24264705,0.75735295,0.00000000,0.99270076,1.00000000,0.24264705,0.75735295,0.00000000,0.99270076,1.00000000,1.00000000,0.00000000,0.00000000,0.76642334,1.00000000,1.00000000,0.00000000,0.00000000,0.76642334,1.00000000,0.65605098,0.34394905,0.00000000,1.14598536,1.00000000,0.38136178,0.73722625,0.73722625,0.96350366,5.00000000,12.00000000,ROJA
2026-10-01T21:01:00,1.00000000,0.30097088,0.69902915,0.00000000,0.99038464,1.00000000,0.29523811,0.68571430,0.01904762,1.00961542,1.00000000,0.30097088,0.69902915,0.00000000,0.99038464,1.00000000,0.30097088,0.69902915,0.00000000,0.99038464,1.00000000,1.00000000,0.00000000,0.00000000,1.03846157,1.00000000,1.00000000,0.00000000,0.00000000,1.03846157,1.00000000,0.72000003,0.28000000,0.00000000,1.44230771,1.00000000,1.00000000,0.00000000,0.00000000,1.03846157,1.00000000,1.00000000,0.00000000,0.00000000,1.03846157,-1.00000000,1.00000000,0.00000000,0.00000000,0.34615386,-1.00000000,1.00000000,0.00000000,0.00000000,0.34615386,-1.00000000,0.36363637,0.63636363,0.00000000,0.95192307,0.75000000,0.69014895,-0.33653846,-0.33653846,0.68269229,-1.00000000,-3.00000000,VERDE
2026-10-01T21:02:00,1.00000000,0.49677420,0.10967742,0.39354840,0.91715974,1.00000000,0.55797100,0.00000000,0.44202900,0.81656808,1.00000000,0.55797100,0.00000000,0.44202900,0.81656808,1.00000000,0.19526628,0.00000000,0.80473375,1.00000000,1.00000000,0.19526628,0.00000000,0.80473375,1.00000000,1.00000000,0.18435754,0.05586592,0.75977653,1.05917156,1.00000000,0.19526628,0.00000000,0.80473375,1.00000000,1.00000000,0.19526628,0.00000000,0.80473375,1.00000000,1.00000000,0.18137255,0.00000000,0.81862748,1.20710063,1.00000000,0.18137255,0.00000000,0.81862748,1.20710063,1.00000000,0.18048781,0.00487805,0.81463414,1.21301770,1.00000000,0.18137255,0.00000000,0.81862748,1.20710063,1.00000000,0.27522868,0.00000000,0.20710059,0.39053255,5.00000000,12.00000000,VERDE
2026-10-01T21:03:00,1.00000000,0.34375000,0.00000000,0.65625000,0.95049506,1.00000000,0.31132075,0.09433962,0.59433961,1.04950500,1.00000000,0.34375000,0.00000000,0.65625000,0.95049506,1.00000000,0.34375000,0.00000000,0.65625000,0.95049506,1.00000000,0.28244275,0.00000000,0.71755725,1.29702973,1.00000000,0.28244275,0.00000000,0.71755725,1.29702973,1.00000000,0.28030303,0.00757576,0.71212119,1.30693066,1.00000000,0.28244275,0.00000000,0.71755725,1.29702973,1.00000000,0.28244275,0.00000000,0.71755725,1.29702973,1.00000000,1.00000000,0.00000000,0.00000000,0.81188118,1.00000000,1.00000000,0.00000000,0.00000000,0.81188118,1.00000000,0.86021507,0.02150538,0.11827957,0.92079210,1.00000000,0.46773833,-1.28712869,-1.28712869,-0.94059408,5.00000000,12.00000000,ROJA
2026-10-01T21:07:00,-1.00000000,0.85858583,0.00000000,0.14141414,0.89189190,-1.00000000,1.00000000,0.00000000,0.00000000,0.41441441,-1.00000000,0.66666669,0.10144927,0.23188406,0.62162161,-1.00000000,1.00000000,0.00000000,0.00000000,0.41441441,-1.00000000,1.00000000,0.00000000,0.00000000,0.41441441,-1.00000000,0.76576579,0.23423423,0.00000000,1.00000000,-1.00000000,0.76576579,0.23423423,0.00000000,1.00000000,-1.00000000,0.76576579,0.23423423,0.00000000,1.00000000,-1.00000000,0.76576579,0.23423423,0.00000000,1.00000000,-1.00000000,0.76576579,0.23423423,0.00000000,1.00000000,1.00000000,1.00000000,0.00000000,0.00000000,1.01801801,1.00000000,1.00000000,0.00000000,0.00000000,1.01801801,0.16666667,0.86284012,1.00000000,1.00000000,-0.10810811,-1.00000000,2.00000000,ROJA
2026-10-01T21:14:00,-1.00000000,0.08000000,0.34000000,0.57999998,1.14942527,1.00000000,0.07843138,0.54901963,0.37254903,1.17241383,-1.00000000,0.09000000,0.34000000,0.56999999,1.14942527,-1.00000000,0.05940594,0.57425743,0.36633664,1.16091955,-1.00000000,0.06796116,0.34951457,0.58252430,1.18390810,-1.00000000,0.10227273,0.21590909,0.68181819,1.01149428,-1.00000000,0.08139535,0.22093023,0.69767439,0.98850572,-1.00000000,0.10447761,0.61194032,0.28358209,0.77011496,-1.00000000,0.15217391,0.39130434,0.45652175,0.52873564,-1.00000000,0.30000001,0.66666669,0.03333334,0.34482759,-1.00000000,0.26315790,0.10526316,0.63157892,0.21839081,-1.00000000,0.20000000,0.08000000,0.72000003,0.28735632,0.08333334,0.13160633,0.21839081,0.21839081,0.20689656,-5.00000000,-10.00000000,ROJA
2026-10-01T21:15:00,-1.00000000,0.00970874,0.09708738,0.89320385,1.01980197,-1.00000000,0.02380952,0.87142855,0.10476191,1.03960395,-1.00000000,0.02898551,0.97101450,0.00000000,1.02475250,-1.00000000,0.00497512,0.00995025,0.98507464,0.99504948,-1.00000000,0.00483092,0.97584540,0.01932367,1.02475250,-1.00000000,0.03846154,0.03846154,0.92307693,0.12871288,-1.00000000,0.02450980,0.87745100,0.09803922,1.00990105,-1.00000000,0.03940887,0.87192118,0.08866995,1.00495052,-1.00000000,0.22222222,0.77777779,0.00000000,0.13366337,-1.00000000,0.23999999,0.00000000,0.75999999,0.12376238,-1.00000000,0.23999999,0.00000000,0.75999999,0.12376238,-1.00000000,0.19230770,0.76923078,0.03846154,0.12871288,0.00000000,0.08910166,0.00495049,-0.10396039,-0.91089112,-5.00000000,-12.00000000,ROJA
2026-10-01T21:16:00,-1.00000000,0.00970874,0.09708738,0.89320385,1.01980197,-1.00000000,0.02380952,0.87142855,0.10476191,1.03960395,-1.00000000,0.02898551,0.97101450,0.00000000,1.02475250,-1.00000000,0.00497512,0.00995025,0.98507464,0.99504948,-1.00000000,0.00483092,0.97584540,0.01932367,1.02475250,-1.00000000,0.03846154,0.03846154,0.92307693,0.12871288,-1.00000000,0.02450980,0.87745100,0.09803922,1.00990105,-1.00000000,0.03940887,0.87192118,0.08866995,1.00495052,-1.00000000,0.22222222,0.77777779,0.00000000,0.13366337,-1.00000000,0.23999999,0.00000000,0.75999999,0.12376238,-1.00000000,0.23999999,0.00000000,0.75999999,0.12376238,-1.00000000,0.19230770,0.76923078,0.03846154,0.12871288,0.00000000,0.08910166,0.00495049,-0.10396039,-0.91089112,-5.00000000,-12.00000000,ROJA
2026-10-01T21:17:00,-1.00000000,0.00970874,0.09708738,0.89320385,1.01980197,-1.00000000,0.02380952,0.87142855,0.10476191,1.03960395,-1.00000000,0.02898551,0.97101450,0.00000000,1.02475250,-1.00000000,0.00497512,0.00995025,0.98507464,0.99504948,-1.00000000,0.00483092,0.97584540,0.01932367,1.02475250,-1.00000000,0.03846154,0.03846154,0.92307693,0.12871288,-1.00000000,0.02450980,0.87745100,0.09803922,1.00990105,-1.00000000,0.03940887,0.87192118,0.08866995,1.00495052,-1.00000000,0.22222222,0.77777779,0.00000000,0.13366337,-1.00000000,0.23999999,0.00000000,0.75999999,0.12376238,-1.00000000,0.23999999,0.00000000,0.75999999,0.12376238,-1.00000000,0.19230770,0.76923078,0.03846154,0.12871288,0.00000000,0.08910166,0.00495049,-0.10396039,-0.91089112,-5.00000000,-12.00000000,ROJA
2026-10-01T21:18:00,-1.00000000,0.00970874,0.09708738,0.89320385,1.01980197,-1.00000000,0.02380952,0.87142855,0.10476191,1.03960395,-1.00000000,0.02898551,0.97101450,0.00000000,1.02475250,-1.00000000,0.00497512,0.00995025,0.98507464,0.99504948,-1.00000000,0.00483092,0.97584540,0.01932367,1.02475250,-1.00000000,0.03846154,0.03846154,0.92307693,0.12871288,-1.00000000,0.02450980,0.87745100,0.09803922,1.00990105,-1.00000000,0.03940887,0.87192118,0.08866995,1.00495052,-1.00000000,0.22222222,0.77777779,0.00000000,0.13366337,-1.00000000,0.23999999,0.00000000,0.75999999,0.12376238,-1.00000000,0.23999999,0.00000000,0.75999999,0.12376238,-1.00000000,0.19230770,0.76923078,0.03846154,0.12871288,0.00000000,0.08910166,0.00495049,-0.10396039,-0.91089112,-5.00000000,-12.00000000,ROJA
2026-10-01T21:24:00,1.00000000,0.61971831,0.38028169,0.00000000,0.43030304,1.00000000,1.00000000,0.00000000,0.00000000,1.04848480,1.00000000,1.00000000,0.00000000,0.00000000,1.04848480,1.00000000,0.01156069,0.82658958,0.16184971,1.04848480,-1.00000000,0.27272728,0.00000000,0.72727275,1.00000000,-1.00000000,0.27272728,0.00000000,0.72727275,1.00000000,-1.00000000,0.27272728,0.00000000,0.72727275,1.00000000,-1.00000000,0.01212121,0.98787880,0.00000000,1.00000000,1.00000000,0.85119045,0.00000000,0.14880952,1.01818180,1.00000000,0.85119045,0.00000000,0.14880952,1.01818180,-1.00000000,1.00000000,0.00000000,0.00000000,0.40000001,-1.00000000,1.00000000,0.00000000,0.00000000,0.40000001,0.50000000,0.59699690,-1.01212120,-0.72727275,0.15757576,-1.00000000,-2.00000000,VERDE
2026-10-01T21:25:00,-1.00000000,0.46086955,0.00000000,0.53913045,0.68047339,-1.00000000,0.46086955,0.00000000,0.53913045,0.68047339,-1.00000000,1.00000000,0.00000000,0.00000000,0.99408287,-1.00000000,0.85279191,0.14720812,0.00000000,1.16568053,-1.00000000,1.00000000,0.00000000,0.00000000,0.99408287,-1.00000000,1.00000000,0.00000000,0.00000000,0.99408287,-1.00000000,0.39053255,0.60946745,0.00000000,1.00000000,-1.00000000,0.39053255,0.60946745,0.00000000,1.00000000,-1.00000000,0.39053255,0.60946745,0.00000000,1.00000000,-1.00000000,0.39053255,0.60946745,0.00000000,1.00000000,1.00000000,1.00000000,0.00000000,0.00000000,1.00000000,1.00000000,1.00000000,0.00000000,0.00000000,1.00000000,0.16666667,0.69472176,0.99408287,0.99408287,-0.36094674,-1.00000000,2.00000000,ROJA
2026-10-01T21:26:00,-1.00000000,0.98823529,0.00588235,0.00588235,1.06918240,-1.00000000,0.41509435,0.58490568,0.00000000,1.00000000,-1.00000000,0.41509435,0.58490568,0.00000000,1.00000000,-1.00000000,0.41509435,0.58490568,0.00000000,1.00000000,-1.00000000,0.41509435,0.58490568,0.00000000,1.00000000,-1.00000000,0.41509435,0.58490568,0.00000000,1.00000000,1.00000000,1.00000000,0.00000000,0.00000000,1.07547164,1.00000000,1.00000000,0.00000000,0.00000000,1.07547164,1.00000000,1.00000000,0.00000000,0.00000000,1.07547164,1.00000000,0.01176471,0.06470589,0.92352939,1.06918240,-1.00000000,1.00000000,0.00000000,0.00000000,0.08805031,-1.00000000,0.34146342,0.00000000,0.65853661,0.25786164,0.33333334,0.61807793,-0.08176101,-0.08176101,0.58490568,1.00000000,-2.00000000,ROJA
2026-10-01T21:27:03,-1.00000000,0.02898551,0.97101450,0.00000000,1.95283020,-1.00000000,0.02985075,0.87562191,0.09452736,1.89622641,-1.00000000,0.03381642,0.96618360,0.00000000,1.95283020,-1.00000000,0.04285714,0.00000000,0.95714283,1.98113203,-1.00000000,1.00000000,0.00000000,0.00000000,0.05660377,-1.00000000,0.26923078,0.00000000,0.73076922,0.24528302,-1.00000000,0.01960784,0.97549021,0.00490196,1.92452836,-1.00000000,0.04324324,0.95675677,0.00000000,1.74528301,-1.00000000,0.22222222,0.77777779,0.00000000,0.25471699,-1.00000000,0.36000001,0.63999999,0.00000000,0.23584905,-1.00000000,0.25000000,0.00000000,0.75000000,0.22641510,-1.00000000,0.20000000,0.80000001,0.00000000,0.23584905,0.00000000,0.20831783,0.00943396,-0.01886792,0.00943396,-5.00000000,-12.00000000,VERDE
2026-10-01T21:28:00,-1.00000000,0.70476192,0.00000000,0.29523811,1.60305345,-1.00000000,0.70476192,0.00000000,0.29523811,1.60305345,-1.00000000,0.70476192,0.00000000,0.29523811,1.60305345,-1.00000000,0.70476192,0.00000000,0.29523811,1.60305345,-1.00000000,0.70476192,0.00000000,0.29523811,1.60305345,-1.00000000,1.00000000,0.00000000,0.00000000,0.70229006,-1.00000000,0.54117650,0.25294119,0.20588236,1.29770994,-1.00000000,1.00000000,0.00000000,0.00000000,0.70229006,-1.00000000,1.00000000,0.00000000,0.00000000,0.70229006,1.00000000,0.13333334,0.00000000,0.86666667,0.11450382,1.00000000,1.00000000,0.00000000,0.00000000,0.12213740,1.00000000,1.00000000,0.00000000,0.00000000,0.12213740,0.25000000,0.76652664,0.22137405,0.22137405,-0.46564886,1.00000000,3.00000000,ROJA
2026-10-01T21:33:00,-1.00000000,0.02760736,0.91104293,0.06134969,2.56692910,1.00000000,0.03105590,0.36335403,0.60559005,2.53543305,-1.00000000,0.01846154,0.00000000,0.98153847,2.55905509,1.00000000,0.00914634,0.05182927,0.93902439,2.58267713,1.00000000,0.07086615,0.14173229,0.78740156,1.00000000,1.00000000,0.25925925,0.00000000,0.74074072,0.21259843,1.00000000,0.07751938,0.92248064,0.00000000,1.01574802,1.00000000,0.07874016,0.92125982,0.00000000,1.00000000,1.00000000,0.05511811,0.94488192,0.00000000,1.00000000,1.00000000,0.05511811,0.94488192,0.00000000,1.00000000,1.00000000,0.23333333,0.76666665,0.00000000,0.23622048,1.00000000,1.00000000,0.00000000,0.00000000,0.07874016,0.83333331,0.15968546,0.02362205,0.00000000,1.48031497,5.00000000,9.00000000,VERDE
2026-10-01T21:34:00,-1.00000000,0.02760736,0.91104293,0.06134969,2.56692910,1.00000000,0.03105590,0.36335403,0.60559005,2.53543305,-1.00000000,0.01846154,0.00000000,0.98153847,2.55905509,1.00000000,0.00914634,0.05182927,0.93902439,2.58267713,1.00000000,0.07086615,0.14173229,0.78740156,1.00000000,1.00000000,0.25925925,0.00000000,0.74074072,0.21259843,1.00000000,0.07751938,0.92248064,0.00000000,1.01574802,1.00000000,0.07874016,0.92125982,0.00000000,1.00000000,1.00000000,0.05511811,0.94488192,0.00000000,1.00000000,1.00000000,0.05511811,0.94488192,0.00000000,1.00000000,1.00000000,0.23333333,0.76666665,0.00000000,0.23622048,1.00000000,1.00000000,0.00000000,0.00000000,0.07874016,0.83333331,0.15968546,0.02362205,0.00000000,1.48031497,5.00000000,9.00000000,VERDE
2026-10-01T21:35:00,-1.00000000,0.02760736,0.91104293,0.06134969,2.56692910,1.00000000,0.03105590,0.36335403,0.60559005,2.53543305,-1.00000000,0.01846154,0.00000000,0.98153847,2.55905509,1.00000000,0.00914634,0.05182927,0.93902439,2.58267713,1.00000000,0.07086615,0.14173229,0.78740156,1.00000000,1.00000000,0.25925925,0.00000000,0.74074072,0.21259843,1.00000000,0.07751938,0.92248064,0.00000000,1.01574802,1.00000000,0.07874016,0.92125982,0.00000000,1.00000000,1.00000000,0.05511811,0.94488192,0.00000000,1.00000000,1.00000000,0.05511811,0.94488192,0.00000000,1.00000000,1.00000000,0.23333333,0.76666665,0.00000000,0.23622048,1.00000000,1.00000000,0.00000000,0.00000000,0.07874016,0.83333331,0.15968546,0.02362205,0.00000000,1.48031497,5.00000000,9.00000000,VERDE
2026-10-01T21:36:06,-1.00000000,0.02760736,0.91104293,0.06134969,2.56692910,1.00000000,0.03105590,0.36335403,0.60559005,2.53543305,-1.00000000,0.01846154,0.00000000,0.98153847,2.55905509,1.00000000,0.00914634,0.05182927,0.93902439,2.58267713,1.00000000,0.07086615,0.14173229,0.78740156,1.00000000,1.00000000,0.25925925,0.00000000,0.74074072,0.21259843,1.00000000,0.07751938,0.92248064,0.00000000,1.01574802,1.00000000,0.07874016,0.92125982,0.00000000,1.00000000,1.00000000,0.05511811,0.94488192,0.00000000,1.00000000,1.00000000,0.05511811,0.94488192,0.00000000,1.00000000,1.00000000,0.23333333,0.76666665,0.00000000,0.23622048,1.00000000,1.00000000,0.00000000,0.00000000,0.07874016,0.83333331,0.15968546,0.02362205,0.00000000,1.48031497,5.00000000,9.00000000,VERDE
2026-10-02T18:33:00,-1.00000000,0.23550725,0.00362319,0.76086956,1.46808505,-1.00000000,0.02525252,0.00000000,0.97474748,1.05319154,-1.00000000,0.07389162,0.03940887,0.88669950,1.07978725,1.00000000,0.09500000,0.00500000,0.89999998,1.06382978,-1.00000000,0.07500000,0.00500000,0.92000002,1.06382978,-1.00000000,0.07329843,0.02617801,0.90052354,1.01595747,-1.00000000,0.87027025,0.00000000,0.12972973,0.98404253,1.00000000,0.34999999,0.00000000,0.64999998,0.10638298,1.00000000,0.10909091,0.36363637,0.52727270,0.29255319,-1.00000000,0.10000000,0.02500000,0.87500000,0.21276596,-1.00000000,1.00000000,0.00000000,0.00000000,0.36170211,1.00000000,0.95121950,0.00000000,0.04878049,0.21808511,0.33333334,0.32987756,-0.16489361,-0.06382979,-1.11170208,1.00000000,1.00000000,ROJA
2026-10-02T18:34:00,-1.00000000,0.07281554,0.03883495,0.88834953,3.21875000,1.00000000,0.09359606,0.00492611,0.90147781,3.17187500,-1.00000000,0.07389162,0.00492611,0.92118227,3.17187500,-1.00000000,0.07216495,0.02577320,0.90206188,3.03125000,-1.00000000,0.87027025,0.00000000,0.12972973,2.89062500,1.00000000,0.30434781,0.00000000,0.69565219,0.35937500,1.00000000,0.10714286,0.35714287,0.53571427,0.87500000,-1.00000000,0.10000000,0.02500000,0.87500000,0.62500000,-1.00000000,1.00000000,0.00000000,0.00000000,1.06250000,1.00000000,0.95121950,0.00000000,0.04878049,0.64062500,-1.00000000,1.00000000,0.00000000,0.00000000,0.06250000,-1.00000000,1.00000000,0.00000000,0.00000000,0.93750000,0.33333334,0.47045407,0.53125000,-0.54687500,-2.85937500,-3.00000000,-2.00000000,VERDE
2026-10-02T18:35:00,-1.00000000,0.09876543,0.04938272,0.85185188,1.76086962,1.00000000,0.13207547,0.00000000,0.86792451,1.72826087,-1.00000000,0.10691824,0.00000000,0.89308178,1.72826087,-1.00000000,0.09333333,0.04000000,0.86666667,1.63043475,-1.00000000,0.86224490,0.00510204,0.13265306,2.13043475,1.00000000,0.14285715,0.63265306,0.22448979,0.53260869,1.00000000,0.08620690,0.37931034,0.53448278,0.63043481,-1.00000000,0.06896552,0.31034482,0.62068963,0.63043481,-1.00000000,0.78021979,0.21978022,0.00000000,0.98913044,1.00000000,0.44086021,0.53763443,0.02150538,1.01086962,-1.00000000,0.06349207,0.93650794,0.00000000,0.68478262,1.00000000,0.68292683,0.00000000,0.31707317,0.89130437,0.41666666,0.29657215,0.98913044,0.20652173,-1.48913038,-1.00000000,1.00000000,VERDE
2026-10-02T18:36:00,1.00000000,0.15527950,0.00621118,0.83850932,1.12195122,-1.00000000,0.12422360,0.00621118,0.86956519,1.12195122,-1.00000000,0.12080537,0.04697987,0.83221477,1.03832757,-1.00000000,0.86776859,0.00000000,0.13223140,1.68641114,1.00000000,0.09183674,0.76530612,0.14285715,0.68292683,1.00000000,0.06730770,0.56730771,0.36538461,0.72473866,-1.00000000,0.04545455,0.53636366,0.41818181,0.76655054,-1.00000000,0.58940399,0.41059601,0.00000000,1.05226481,1.00000000,0.33552632,0.65789473,0.00657895,1.05923343,-1.00000000,0.04716981,0.95283020,0.00000000,0.73867595,1.00000000,0.49275362,0.26811594,0.23913044,0.96167248,1.00000000,0.50632912,0.36708862,0.12658228,0.55052263,0.50000000,0.28698823,0.70383275,0.44599304,-1.10104525,1.00000000,2.00000000,VERDE
2026-10-02T18:37:00,-1.00000000,0.14503817,0.00763359,0.84732825,1.08264458,-1.00000000,0.13333334,0.05833333,0.80833334,0.99173552,-1.00000000,0.86784142,0.00440529,0.12775330,1.87603307,1.00000000,0.08108108,0.81081080,0.10810811,0.91735536,1.00000000,0.05128205,0.64102566,0.30769232,0.96694213,-1.00000000,0.04098361,0.61475408,0.34426230,1.00826442,-1.00000000,0.51552796,0.48447204,0.00000000,1.33057857,1.00000000,0.29012346,0.69753087,0.01234568,1.33884299,-1.00000000,0.03361345,0.95798320,0.00840336,0.98347110,1.00000000,0.42953020,0.36241612,0.20805369,1.23140490,-1.00000000,0.16216215,0.83783782,0.00000000,0.61157024,1.00000000,0.98979592,0.00000000,0.01020408,0.80991733,0.41666666,0.31169274,0.97520661,1.33057857,-0.90909094,1.00000000,1.00000000,VERDE
2026-10-02T18:38:00,-1.00000000,0.72000003,0.28000000,0.00000000,0.10330579,-1.00000000,0.83399212,0.03952569,0.12648222,1.04545450,1.00000000,0.03829787,0.90212768,0.05957447,0.97107440,1.00000000,0.02489627,0.81327802,0.16182573,0.99586779,-1.00000000,0.02024291,0.79352224,0.18623482,1.02066112,-1.00000000,0.30902779,0.69097221,0.00000000,1.19008267,1.00000000,0.17647059,0.82006919,0.00346021,1.19421482,-1.00000000,0.01646090,0.97942388,0.00411523,1.00413227,1.00000000,0.25090909,0.62909091,0.12000000,1.13636363,-1.00000000,0.06989247,0.93010753,0.00000000,0.76859504,1.00000000,0.47031963,0.52511418,0.00456621,0.90495867,1.00000000,0.93599999,0.06400000,0.00000000,0.51652890,0.50000000,0.32220915,0.71487606,0.97933882,0.04958678,1.00000000,2.00000000,VERDE
2026-10-02T18:39:00,-1.00000000,0.57650274,0.33606556,0.08743169,1.03098595,1.00000000,0.02586207,0.93390805,0.04022989,0.98028171,1.00000000,0.01694915,0.87288135,0.11016949,0.99718308,-1.00000000,0.01388889,0.85833335,0.12777779,1.01408446,-1.00000000,0.22194514,0.77805483,0.00000000,1.12957752,1.00000000,0.12686567,0.87064677,0.00248756,1.13239431,-1.00000000,0.01123596,0.98595506,0.00280899,1.00281692,1.00000000,0.17783505,0.73711342,0.08505154,1.09295774,-1.00000000,0.04347826,0.95652175,0.00000000,0.84225351,1.00000000,0.31024095,0.68674701,0.00301205,0.93521124,1.00000000,0.50869566,0.49130434,0.00000000,0.64788735,1.00000000,0.96638656,0.00000000,0.03361345,0.33521128,0.58333331,0.24999051,0.83943659,0.99718308,0.93802816,3.00000000,3.00000000,ROJA
2026-10-02T18:40:00,1.00000000,0.02624672,0.93438321,0.03937008,0.99089730,1.00000000,0.01804124,0.87113404,0.11082474,1.00910270,-1.00000000,0.01265823,0.85569620,0.13164558,1.02730823,-1.00000000,0.22675736,0.77324265,0.00000000,1.14694405,1.00000000,0.12669684,0.86877829,0.00452489,1.14954484,-1.00000000,0.01282051,0.98717946,0.00000000,1.01430428,1.00000000,0.18032786,0.73302108,0.08665106,1.11053312,-1.00000000,0.04281345,0.95718652,0.00000000,0.85045516,1.00000000,0.31868133,0.67857140,0.00274725,0.94668400,1.00000000,0.51999998,0.47600001,0.00400000,0.65019506,1.00000000,0.95555556,0.01481481,0.02962963,0.35110533,-1.00000000,0.09090909,0.01010101,0.89898992,0.25747725,0.58333331,0.21095902,0.63979197,0.81144345,0.92327696,1.00000000,-1.00000000,VERDE
2026-10-02T18:41:00,1.00000000,0.01435407,0.90909094,0.07655502,1.02200484,-1.00000000,0.00945626,0.89834517,0.09219858,1.03422987,-1.00000000,0.16593887,0.83406115,0.00000000,1.11980438,1.00000000,0.09368192,0.90413946,0.00217865,1.12224936,-1.00000000,0.00952381,0.98809522,0.00238095,1.02689481,1.00000000,0.13199106,0.80536914,0.06263982,1.09290957,-1.00000000,0.02695418,0.97304583,0.00000000,0.90709049,1.00000000,0.22000000,0.77749997,0.00250000,0.97799510,1.00000000,0.31948882,0.68051118,0.00000000,0.76528120,1.00000000,0.44954127,0.53669727,0.01376147,0.53300732,-1.00000000,0.04145078,0.60621762,0.35233161,0.47188264,1.00000000,0.99199998,0.00000000,0.00800000,0.30562347,0.58333331,0.20619842,0.52078241,0.90464550,0.92909533,3.00000000,1.00000000,ROJA
2026-10-02T18:42:00,-1.00000000,0.01063830,0.88563830,0.10372341,1.11078286,-1.00000000,0.18491484,0.81508517,0.00000000,1.21418023,1.00000000,0.10436893,0.89320385,0.00242718,1.21713448,-1.00000000,0.01072386,0.98659515,0.00268097,1.10192025,1.00000000,0.14749999,0.78250003,0.07000000,1.18168390,-1.00000000,0.03086420,0.96913582,0.00000000,0.95716393,1.00000000,0.24929178,0.74787533,0.00283286,1.04283607,1.00000000,0.37593985,0.62406015,0.00000000,0.78581977,1.00000000,0.57309943,0.40935671,0.01754386,0.50516987,-1.00000000,0.04794521,0.47945204,0.47260273,0.43131462,1.00000000,0.98412699,0.00793651,0.00793651,0.37223044,-1.00000000,0.53260869,0.01086957,0.45652175,0.27178729,0.50000000,0.27100185,0.20384048,0.77695715,0.98966026,1.00000000,-1.00000000,VERDE
2026-10-02T18:43:00,-1.00000000,0.17494090,0.82505912,0.00000000,1.36672056,1.00000000,0.10141510,0.89622641,0.00235849,1.36995149,-1.00000000,0.01036269,0.98704666,0.00259067,1.24717283,1.00000000,0.14043583,0.79176754,0.06779661,1.33441031,-1.00000000,0.03254438,0.96745563,0.00000000,1.09208405,1.00000000,0.23770492,0.75956285,0.00273224,1.18255246,1.00000000,0.34875444,0.65124553,0.00000000,0.90791601,1.00000000,0.51063830,0.47340426,0.01595745,0.60743135,-1.00000000,0.04294479,0.54601228,0.41104296,0.52665591,1.00000000,0.99186993,0.00813008,0.00000000,0.39741519,-1.00000000,0.43333334,0.00000000,0.56666666,0.29079160,1.00000000,0.12631579,0.37894738,0.49473685,0.30694669,0.58333331,0.26260504,0.30694669,0.59127623,1.36348951,1.00000000,1.00000000,ROJA
2026-10-02T18:44:00,1.00000000,0.10204082,0.89569163,0.00226757,1.84133613,-1.00000000,0.01250000,0.98750001,0.00000000,1.67014611,1.00000000,0.14452215,0.78787881,0.06759907,1.79123175,-1.00000000,0.03428571,0.96571428,0.00000000,1.46137786,1.00000000,0.24274406,0.75461739,0.00263852,1.58246350,1.00000000,0.35986158,0.64013839,0.00000000,1.20668054,1.00000000,0.54210526,0.44210526,0.01578947,0.79331940,-1.00000000,0.04294479,0.52147239,0.43558282,0.68058455,1.00000000,1.00000000,0.00000000,0.00000000,0.54279751,-1.00000000,0.43157893,0.00000000,0.56842107,0.39665970,1.00000000,0.12871288,0.37623763,0.49504951,0.42171189,-1.00000000,0.78571427,0.21428572,0.00000000,0.05845511,0.58333331,0.31891754,-0.15866388,0.35073069,1.64926934,-1.00000000,-1.00000000,ROJA
2026-10-02T19:33:00,-1.00000000,0.43421054,0.00000000,0.56578946,0.96815288,-1.00000000,0.43243244,0.00000000,0.56756759,0.94267517,1.00000000,0.11111111,0.33333334,0.55555558,0.91719747,1.00000000,0.49367088,0.02531646,0.48101267,1.00636947,1.00000000,0.08000000,0.00000000,0.92000002,0.95541400,1.00000000,0.06410257,0.01282051,0.92307693,0.99363059,1.00000000,0.46043167,0.00000000,0.53956836,1.77070069,-1.00000000,0.87333333,0.08000000,0.04666667,1.91082799,-1.00000000,1.00000000,0.00000000,0.00000000,2.07643318,1.00000000,0.52608699,0.46521738,0.00869565,2.92993641,1.00000000,0.33898306,0.66101694,0.00000000,1.50318468,1.00000000,0.12500000,0.86111110,0.01388889,0.91719747,0.66666669,0.41161355,1.17197454,-2.54777074,-1.33757961,1.00000000,3.00000000,VERDE
2026-10-02T19:34:00,1.00000000,0.11111111,0.33333334,0.55555558,0.68246448,1.00000000,0.63934427,0.03278688,0.32786885,0.57819903,1.00000000,0.10526316,0.00000000,0.89473683,0.54028434,1.00000000,0.08333334,0.01666667,0.89999998,0.56872040,1.00000000,0.52892560,0.00000000,0.47107437,1.14691949,-1.00000000,0.90972221,0.08333334,0.00694444,1.36492896,-1.00000000,0.94219655,0.05780347,0.00000000,1.63981044,-1.00000000,0.22372882,0.61355931,0.16271186,2.79620862,1.00000000,0.48790324,0.50403225,0.00806452,2.35071087,1.00000000,0.31496063,0.68503934,0.00000000,1.20379150,1.00000000,0.10000000,0.88888890,0.01111111,0.85308057,1.00000000,0.77108431,0.21686748,0.01204819,0.78672987,0.75000000,0.43479776,1.01421797,1.45971560,-0.36966825,3.00000000,4.00000000,VERDE
2026-10-02T19:35:00,1.00000000,0.11111111,0.33333334,0.55555558,0.68246448,1.00000000,0.63934427,0.03278688,0.32786885,0.57819903,1.00000000,0.10526316,0.00000000,0.89473683,0.54028434,1.00000000,0.08333334,0.01666667,0.89999998,0.56872040,1.00000000,0.52892560,0.00000000,0.47107437,1.14691949,-1.00000000,0.90972221,0.08333334,0.00694444,1.36492896,-1.00000000,0.94219655,0.05780347,0.00000000,1.63981044,-1.00000000,0.22372882,0.61355931,0.16271186,2.79620862,1.00000000,0.48790324,0.50403225,0.00806452,2.35071087,1.00000000,0.31496063,0.68503934,0.00000000,1.20379150,1.00000000,0.10000000,0.88888890,0.01111111,0.85308057,1.00000000,0.77108431,0.21686748,0.01204819,0.78672987,0.75000000,0.43479776,1.01421797,1.45971560,-0.36966825,3.00000000,4.00000000,VERDE
2026-10-02T19:36:00,1.00000000,0.97500002,0.02500000,0.00000000,0.39408866,1.00000000,0.18750000,0.00000000,0.81250000,0.31527093,1.00000000,0.13888890,0.02777778,0.83333331,0.35467979,1.00000000,0.66666669,0.00000000,0.33333334,0.94581282,-1.00000000,0.91608393,0.07692308,0.00699301,1.40886700,-1.00000000,0.82142860,0.17857143,0.00000000,1.93103445,-1.00000000,0.20504732,0.64353311,0.15141957,3.12315273,1.00000000,0.26490065,0.73509932,0.00000000,1.48768473,1.00000000,0.07894737,0.91228068,0.00877193,1.12315273,1.00000000,0.59813082,0.39252338,0.00934579,1.05418718,1.00000000,0.45454547,0.54545456,0.00000000,0.43349755,1.00000000,0.07407407,0.88888890,0.03703704,0.26600984,0.75000000,0.44843447,0.78817731,2.40394092,-0.57142860,5.00000000,5.00000000,VERDE
2026-10-02T19:52:00,1.00000000,0.02996255,0.00374532,0.96629214,1.63302755,-1.00000000,0.78074867,0.21925133,0.00000000,1.14373088,1.00000000,0.48663101,0.51336896,0.00000000,1.14373088,1.00000000,0.54455447,0.42574257,0.02970297,0.61773700,-1.00000000,0.45569620,0.53164560,0.01265823,0.48318043,-1.00000000,0.14000000,0.86000001,0.00000000,0.91743118,1.00000000,0.28813559,0.25988701,0.45197740,1.08256876,1.00000000,0.98484850,0.01515152,0.00000000,0.40366971,1.00000000,0.76388890,0.02777778,0.20833333,0.44036698,1.00000000,0.31730768,0.01923077,0.66346157,0.63608563,1.00000000,0.55217391,0.01304348,0.43478259,1.40672779,-1.00000000,1.00000000,0.00000000,0.00000000,1.16819572,0.66666669,0.52866226,-0.42813456,0.27522936,-1.62691128,3.00000000,-1.00000000,VERDE
2026-10-02T19:53:00,-1.00000000,0.61576355,0.38423645,0.00000000,1.26086962,1.00000000,0.29556650,0.70443350,0.00000000,1.26086962,1.00000000,0.43243244,0.54729730,0.02027027,0.91925466,-1.00000000,0.33606556,0.65573770,0.00819672,0.75776398,-1.00000000,0.13793103,0.85632181,0.00574713,1.08074534,1.00000000,0.29064038,0.41871920,0.29064038,1.26086962,1.00000000,0.86206895,0.13793103,0.00000000,0.54037267,1.00000000,0.96969700,0.03030303,0.00000000,0.40993789,1.00000000,0.42696628,0.02247191,0.55056179,0.55279505,1.00000000,0.62553191,0.01276596,0.36170211,1.45962727,-1.00000000,1.00000000,0.00000000,0.00000000,1.37267077,1.00000000,0.82051283,0.12820514,0.05128205,0.24223602,0.66666669,0.56776470,-0.53416151,0.07453416,1.25465834,3.00000000,1.00000000,VERDE
2026-10-02T19:54:00,1.00000000,0.13147411,0.86852592,0.00000000,1.33156502,1.00000000,0.22972973,0.76126128,0.00900901,1.17771888,-1.00000000,0.16336633,0.83663368,0.00000000,1.07161808,-1.00000000,0.08675799,0.91324198,0.00000000,1.16180372,1.00000000,0.18326694,0.68924302,0.12749004,1.33156502,1.00000000,0.33714285,0.66285712,0.00000000,0.92838198,1.00000000,0.42372882,0.57627118,0.00000000,0.62599468,1.00000000,0.44285715,0.54285717,0.01428571,0.37135279,1.00000000,0.97478992,0.01680672,0.00840336,0.63129973,-1.00000000,0.99425286,0.00000000,0.00574713,0.92307693,1.00000000,0.19548872,0.79699248,0.00751880,0.70557028,1.00000000,0.43902439,0.56097561,0.00000000,1.30503976,0.75000000,0.38349000,-0.39787799,0.36074272,1.15649867,3.00000000,2.00000000,ROJA
2026-10-02T19:55:00,1.00000000,0.31927711,0.68072289,0.00000000,1.23420072,1.00000000,0.50847459,0.46610171,0.02542373,0.87732345,-1.00000000,0.41489363,0.57446808,0.01063830,0.69888479,-1.00000000,0.14110430,0.85889572,0.00000000,1.21189594,1.00000000,0.33132529,0.35542169,0.31325302,1.23420072,1.00000000,0.98591548,0.01408451,0.00000000,0.52788103,1.00000000,0.85714287,0.02857143,0.11428571,0.52044612,1.00000000,0.34285715,0.01904762,0.63809526,0.78066915,1.00000000,0.57438016,0.00826446,0.41735536,1.79925656,-1.00000000,1.00000000,0.00000000,0.00000000,1.54646838,1.00000000,0.81081080,0.13513513,0.05405406,0.27509293,-1.00000000,0.99337751,0.00662252,0.00000000,1.12267661,0.66666669,0.60662991,-1.77695167,-0.49814126,0.84014869,1.00000000,-1.00000000,VERDE
2026-10-02T19:56:00,1.00000000,0.30000001,0.68500000,0.01500000,1.28205132,-1.00000000,0.22159091,0.77272725,0.00568182,1.12820518,-1.00000000,0.11734694,0.88265306,0.00000000,1.25641024,1.00000000,0.22177419,0.56854838,0.20967741,1.58974361,1.00000000,0.48951048,0.51048952,0.00000000,0.91666669,1.00000000,0.80000001,0.20000000,0.00000000,0.48076922,1.00000000,0.92307693,0.05128205,0.02564103,0.25000000,1.00000000,0.86874998,0.01250000,0.11875000,1.02564108,-1.00000000,1.00000000,0.00000000,0.00000000,1.33333337,1.00000000,0.32258064,0.65591395,0.02150538,0.59615386,-1.00000000,0.98684210,0.00657895,0.00657895,0.97435898,1.00000000,1.00000000,0.00000000,0.00000000,0.54487181,0.66666669,0.60428935,0.58974361,-0.12179487,0.88461536,1.00000000,1.00000000,VERDE
2026-10-02T19:57:00,-1.00000000,0.12337662,0.87337661,0.00324675,1.38116586,-1.00000000,0.06727829,0.93272173,0.00000000,1.46636772,1.00000000,0.14171124,0.73262030,0.12566845,1.67713010,1.00000000,0.24637681,0.75362319,0.00000000,1.23766816,1.00000000,0.27488151,0.72511846,0.00000000,0.94618833,1.00000000,0.22580644,0.76774192,0.00645161,0.69506729,1.00000000,0.98529410,0.01470588,0.00000000,0.60986549,-1.00000000,0.88105726,0.11894273,0.00000000,1.01793718,1.00000000,0.13157895,0.86403507,0.00438596,1.02242148,-1.00000000,0.65753424,0.33789954,0.00456621,0.98206276,1.00000000,0.36986300,0.63013697,0.00000000,0.98206276,1.00000000,1.00000000,0.00000000,0.00000000,0.63228697,0.66666669,0.42539653,0.88789237,-0.04932735,1.37668157,1.00000000,2.00000000,VERDE
2026-10-02T19:58:00,-1.00000000,0.06250000,0.93452382,0.00297619,1.44827580,1.00000000,0.13492064,0.75396824,0.11111111,1.62931037,1.00000000,0.22648084,0.77351916,0.00000000,1.23706901,1.00000000,0.25000000,0.75000000,0.00000000,0.96551722,1.00000000,0.19883041,0.79532164,0.00584795,0.73706895,1.00000000,0.91428572,0.07857143,0.00714286,0.60344827,-1.00000000,0.80000001,0.20000000,0.00000000,1.03448272,1.00000000,0.11618257,0.87551868,0.00829876,1.03879309,-1.00000000,0.59913790,0.40086207,0.00000000,1.00000000,1.00000000,0.33620688,0.66379309,0.00000000,1.00000000,1.00000000,0.92993629,0.06369427,0.00636943,0.67672414,1.00000000,0.84615386,0.00000000,0.15384616,0.05603448,0.75000000,0.45121959,0.99568963,1.03017247,1.43965518,3.00000000,3.00000000,ROJA
2026-10-02T19:59:00,1.00000000,0.15028901,0.72832370,0.12138728,1.76530612,1.00000000,0.25490198,0.74509805,0.00000000,1.30102038,1.00000000,0.29166666,0.70833331,0.00000000,0.97959185,1.00000000,0.23741007,0.74820143,0.01438849,0.70918369,1.00000000,0.97709924,0.02290076,0.00000000,0.66836733,-1.00000000,0.92307693,0.07692308,0.00000000,1.06122446,1.00000000,0.13397129,0.85645932,0.00956938,1.06632650,-1.00000000,0.69000000,0.30500001,0.00500000,1.02040815,1.00000000,0.38999999,0.61000001,0.00000000,1.02040815,1.00000000,1.00000000,0.00000000,0.00000000,0.74489796,1.00000000,0.34285715,0.02857143,0.62857145,0.17857143,-1.00000000,1.00000000,0.00000000,0.00000000,0.17857143,0.75000000,0.53260601,0.61734694,0.90816325,1.28061223,1.00000000,-1.00000000,VERDE
2026-10-02T20:00:00,1.00000000,0.19155844,0.80844158,0.00000000,1.36585367,1.00000000,0.20318726,0.79681277,0.00000000,1.11308205,1.00000000,0.15346535,0.84158415,0.00495049,0.89578712,1.00000000,0.68208092,0.31791908,0.00000000,0.76718402,1.00000000,0.09774436,0.89849627,0.00375940,1.17960083,1.00000000,0.43775100,0.55823290,0.00401606,1.10421288,-1.00000000,0.49224806,0.50775194,0.00000000,1.14412415,1.00000000,0.27519381,0.72480619,0.00000000,1.14412415,1.00000000,0.70370370,0.29100528,0.00529101,0.83813745,1.00000000,0.19298245,0.78947371,0.01754386,0.25277162,-1.00000000,0.42857143,0.57142860,0.00000000,0.34146342,1.00000000,1.00000000,0.00000000,0.00000000,0.35033259,0.83333331,0.40487391,0.24833703,1.14412415,1.10864747,3.00000000,1.00000000,VERDE
2026-10-02T20:01:00,1.00000000,0.18412699,0.81587303,0.00000000,1.52912617,1.00000000,0.19230770,0.80769229,0.00000000,1.26213586,1.00000000,0.14150943,0.85377359,0.00471698,1.02912617,1.00000000,0.61956519,0.38043478,0.00000000,0.89320385,1.00000000,0.09124088,0.90510947,0.00364964,1.33009708,1.00000000,0.42399999,0.57200003,0.00400000,1.21359229,1.00000000,0.26217228,0.73782772,0.00000000,1.29611647,1.00000000,0.64499998,0.34999999,0.00500000,0.97087377,1.00000000,0.15277778,0.83333331,0.01388889,0.34951457,-1.00000000,0.34782609,0.65217394,0.00000000,0.44660193,1.00000000,0.81720430,0.17204301,0.01075269,0.45145631,1.00000000,0.94999999,0.00000000,0.05000000,0.09708738,0.91666669,0.40231088,0.29611650,0.96116507,1.25242722,3.00000000,2.00000000,VERDE
2026-10-02T20:02:00,1.00000000,0.14018692,0.85514021,0.00467290,1.10594320,1.00000000,0.60752690,0.39247313,0.00000000,0.96124029,-1.00000000,0.61454546,0.38545454,0.00000000,1.42118859,1.00000000,0.09090909,0.90545452,0.00363636,1.42118859,1.00000000,0.42231077,0.57768923,0.00000000,1.29715765,1.00000000,0.25746268,0.74253732,0.00000000,1.38501287,1.00000000,0.64179105,0.35820895,0.00000000,1.03875971,1.00000000,0.14666666,0.83999997,0.01333333,0.38759691,-1.00000000,0.34042552,0.65957445,0.00000000,0.48578811,1.00000000,0.78947371,0.20000000,0.01052632,0.49095607,1.00000000,0.86363637,0.09090909,0.04545455,0.11369509,1.00000000,0.80000001,0.00000000,0.20000000,0.02583979,0.83333331,0.47624460,0.48062015,0.37209302,0.94573641,3.00000000,3.00000000,ROJA
2026-10-02T20:03:00,-1.00000000,1.00000000,0.00000000,0.00000000,1.13898301,1.00000000,0.27472529,0.71428573,0.01098901,0.61694914,1.00000000,0.44351465,0.55648535,0.00000000,1.62033904,-1.00000000,0.98373985,0.00813008,0.00813008,0.83389831,1.00000000,0.82142860,0.17857143,0.00000000,0.56949151,1.00000000,1.00000000,0.00000000,0.00000000,0.86779660,1.00000000,0.08943089,0.00813008,0.90243900,0.83389831,-1.00000000,0.25409836,0.00000000,0.74590164,0.82711864,1.00000000,0.44910181,0.01197605,0.53892213,1.13220334,1.00000000,0.10439561,0.00000000,0.89560437,1.23389828,1.00000000,0.02162162,0.00000000,0.97837836,1.25423729,-1.00000000,0.98930484,0.01069519,0.00000000,1.26779664,0.66666669,0.53594679,-1.11186445,-0.82033896,0.60338986,1.00000000,-1.00000000,VERDE
2026-10-02T20:04:00,-1.00000000,1.00000000,0.00000000,0.00000000,1.35117054,1.00000000,0.16129032,0.83333331,0.00537634,1.24414718,-1.00000000,0.81920904,0.17514125,0.00564972,1.18394649,1.00000000,0.46327683,0.53672314,0.00000000,1.18394649,1.00000000,1.00000000,0.00000000,0.00000000,1.03010035,1.00000000,0.18571429,0.01428571,0.80000001,0.46822742,-1.00000000,0.53623188,0.00000000,0.46376812,0.46153846,1.00000000,0.73170733,0.01626016,0.25203252,0.82274246,1.00000000,0.15492958,0.00704225,0.83802819,0.94983280,1.00000000,0.02758621,0.00689655,0.96551722,0.96989965,-1.00000000,0.98660713,0.01339286,0.00000000,1.49832773,1.00000000,0.88636363,0.00000000,0.11363637,0.58862877,0.66666669,0.57940966,-0.93645483,-0.21404682,1.23076928,3.00000000,1.00000000,VERDE
2026-10-02T20:05:00,1.00000000,0.14084508,0.84976524,0.00938967,1.73170733,-1.00000000,0.72549021,0.26960784,0.00490196,1.65853655,1.00000000,0.41176471,0.58823532,0.00000000,1.65853655,1.00000000,1.00000000,0.00000000,0.00000000,1.27642274,1.00000000,0.25000000,0.02083333,0.72916669,0.39024389,-1.00000000,0.79166669,0.00000000,0.20833333,0.39024389,1.00000000,0.89215684,0.01960784,0.08823530,0.82926828,1.00000000,0.19008264,0.00000000,0.80991733,0.98373985,1.00000000,0.03200000,0.00800000,0.95999998,1.01626015,-1.00000000,0.98689955,0.01310044,0.00000000,1.86178863,1.00000000,0.70796460,0.20353982,0.08849557,0.91869920,1.00000000,0.92307693,0.00000000,0.07692308,0.21138212,0.75000000,0.58766228,-1.00000000,-0.80487806,1.47154474,3.00000000,2.00000000,VERDE
2026-10-02T20:06:00,-1.00000000,0.72429907,0.27570093,0.00000000,1.75409842,1.00000000,0.40465117,0.59069765,0.00465116,1.76229513,1.00000000,0.99390244,0.00000000,0.00609756,1.34426224,1.00000000,0.27083334,0.02083333,0.70833331,0.39344263,-1.00000000,0.82978725,0.00000000,0.17021276,0.38524589,1.00000000,0.91346157,0.01923077,0.06730770,0.85245901,1.00000000,0.19354838,0.00000000,0.80645162,1.01639342,1.00000000,0.03906250,0.00781250,0.95312500,1.04918027,-1.00000000,0.98739493,0.01260504,0.00000000,1.95081973,1.00000000,0.69166666,0.21666667,0.09166667,0.98360658,1.00000000,0.82758623,0.10344828,0.06896552,0.23770492,1.00000000,1.00000000,0.00000000,0.00000000,0.04918033,0.75000000,0.65634948,0.89344263,-1.00000000,1.75409842,3.00000000,3.00000000,ROJA
2026-10-02T20:07:00,1.00000000,0.70454544,0.25000000,0.04545455,0.24043716,-1.00000000,0.99358976,0.00641026,0.00000000,0.85245901,1.00000000,0.98863637,0.00000000,0.01136364,0.48087433,1.00000000,0.75813955,0.00000000,0.24186046,1.17486334,1.00000000,0.05701754,0.00438596,0.93859649,1.24590158,-1.00000000,0.17180617,0.00000000,0.82819384,1.24043715,1.00000000,0.07894737,0.00000000,0.92105263,1.66120219,1.00000000,0.01623377,0.00324675,0.98051947,1.68306005,1.00000000,0.52866244,0.01273885,0.45859873,0.85792351,1.00000000,0.13333334,0.01111111,0.85555553,0.98360658,1.00000000,0.03296703,0.00000000,0.96703297,0.99453551,-1.00000000,0.99456519,0.00543478,0.00000000,1.00546443,0.75000000,0.45487034,-0.84699452,-1.66120219,0.05464481,3.00000000,-1.00000000,ROJA
2026-10-02T20:08:00,1.00000000,0.68888891,0.26666668,0.04444445,0.24590164,-1.00000000,0.99358976,0.00641026,0.00000000,0.85245901,1.00000000,0.98863637,0.00000000,0.01136364,0.48087433,1.00000000,0.76168227,0.00000000,0.23831776,1.16939890,1.00000000,0.05726872,0.00440529,0.93832600,1.24043715,-1.00000000,0.17256637,0.00000000,0.82743365,1.23497272,1.00000000,0.07920792,0.00000000,0.92079210,1.65573776,1.00000000,0.01628665,0.00325733,0.98045605,1.67759562,1.00000000,0.53205127,0.01282051,0.45512819,0.85245901,1.00000000,0.13407822,0.01117318,0.85474861,0.97814208,1.00000000,0.03314917,0.00000000,0.96685082,0.98907101,-1.00000000,0.98918921,0.00540541,0.00540541,1.01092899,0.75000000,0.45388290,-0.84699452,-1.66120219,0.05464481,3.00000000,-1.00000000,ROJA
2026-10-02T20:09:00,1.00000000,0.73094171,0.00000000,0.26905829,1.07729471,1.00000000,0.05508475,0.00423729,0.94067794,1.14009666,-1.00000000,0.16595745,0.00000000,0.83404255,1.13526571,1.00000000,0.32534248,0.00684932,0.66780823,1.41062796,1.00000000,0.07692308,0.00000000,0.92307693,1.50724638,1.00000000,0.01582278,0.00316456,0.98101264,1.52657008,1.00000000,0.50303030,0.01212121,0.48484850,0.79710144,1.00000000,0.12765957,0.01063830,0.86170214,0.90821254,1.00000000,0.03157895,0.00000000,0.96842104,0.91787440,-1.00000000,0.95811516,0.00523560,0.03664922,0.92270529,1.00000000,0.20000000,0.00000000,0.80000001,0.04830918,-1.00000000,1.00000000,0.00000000,0.00000000,0.05797102,0.75000000,0.34920469,-0.91787440,-0.78743958,-1.07729471,1.00000000,-1.00000000,ROJA
2026-10-02T20:10:00,1.00000000,0.03485255,0.00268097,0.96246648,1.06571424,-1.00000000,0.10723861,0.00000000,0.89276141,1.06571424,1.00000000,0.22144522,0.00466200,0.77389276,1.22571433,1.00000000,0.05345212,0.00000000,0.94654787,1.28285718,1.00000000,0.01103753,0.00220751,0.98675495,1.29428566,-1.00000000,0.51648355,0.00659341,0.47692308,1.29999995,1.00000000,0.27814570,0.00331126,0.71854305,0.86285716,1.00000000,0.07384615,0.00615385,0.92000002,0.92857140,1.00000000,0.01834862,0.00000000,0.98165137,0.93428570,1.00000000,0.02027027,0.00000000,0.97972971,0.42285714,-1.00000000,0.08053691,0.00000000,0.91946310,0.42571428,-1.00000000,0.97887325,0.02112676,0.00000000,0.40571427,0.66666669,0.19954421,-0.93428570,-0.86000001,-1.06285715,1.00000000,-2.00000000,ROJA
2026-10-02T20:11:00,1.00000000,0.17011495,0.00229885,0.82758623,1.22362864,1.00000000,0.03991131,0.00221729,0.95787138,1.26863575,1.00000000,0.00881057,0.00220264,0.98898679,1.27707458,-1.00000000,0.40000001,0.00439560,0.59560442,1.27988744,1.00000000,0.19287834,0.00296736,0.80415428,0.94796062,1.00000000,0.05352113,0.00563380,0.94084507,0.99859351,1.00000000,0.01404494,0.00000000,0.98595506,1.00140643,-1.00000000,0.39495799,0.00280112,0.60224092,1.00421941,1.00000000,0.01376147,0.00000000,0.98623854,0.61322081,-1.00000000,0.04128440,0.00000000,0.95871562,0.61322081,-1.00000000,0.50943398,0.00943396,0.48113209,0.59634316,-1.00000000,0.99056602,0.00943396,0.00000000,0.29817158,0.58333331,0.23577376,-0.61322081,-1.00140643,-1.22081578,-3.00000000,-3.00000000,ROJA
2026-10-02T20:12:00,1.00000000,0.03982301,0.00221239,0.95796460,1.29698706,1.00000000,0.00879121,0.00219780,0.98901099,1.30559540,-1.00000000,0.39254385,0.00438596,0.60307020,1.30846488,1.00000000,0.18823530,0.00294118,0.80882353,0.97560978,1.00000000,0.05322129,0.00280112,0.94397759,1.02439022,1.00000000,0.01392758,0.00000000,0.98607242,1.03012908,-1.00000000,0.38611111,0.00277778,0.61111110,1.03299856,1.00000000,0.01345291,0.00000000,0.98654711,0.63988525,-1.00000000,0.04035874,0.00000000,0.95964128,0.63988525,-1.00000000,0.48623854,0.01376147,0.50000000,0.62553799,-1.00000000,0.91964287,0.00892857,0.07142857,0.32137734,-1.00000000,1.00000000,0.00000000,0.00000000,0.03156384,0.50000000,0.29519552,-0.61692971,-0.63414633,-1.29411769,-3.00000000,-4.00000000,ROJA
2026-10-02T20:13:00,1.00000000,0.00877193,0.00219298,0.98903507,1.51495016,-1.00000000,0.35010940,0.00437637,0.64551425,1.51827240,1.00000000,0.16147308,0.00283286,0.83569407,1.17275751,1.00000000,0.04878049,0.00271003,0.94850951,1.22591364,1.00000000,0.01081081,0.00000000,0.98918921,1.22923589,-1.00000000,0.33423179,0.00269542,0.66307276,1.23255813,1.00000000,0.00803213,0.00401606,0.98795182,0.82724255,-1.00000000,0.03614458,0.00000000,0.96385545,0.82724255,-1.00000000,0.38934427,0.00819672,0.60245901,0.81063122,-1.00000000,0.62416106,0.00000000,0.37583894,0.49501660,-1.00000000,0.15517241,0.00000000,0.84482759,0.19269103,-1.00000000,0.98076922,0.01923077,0.00000000,0.17275748,0.41666666,0.25898343,-0.48837209,-0.82059801,-1.50830567,-5.00000000,-5.00000000,ROJA
2026-10-02T20:14:00,-1.00000000,0.34792122,0.00437637,0.64770240,1.82799995,1.00000000,0.16101696,0.00282486,0.83615822,1.41600001,1.00000000,0.04594595,0.00540541,0.94864863,1.48000002,1.00000000,0.01347709,0.00000000,0.98652291,1.48399997,-1.00000000,0.33333334,0.00268817,0.66397852,1.48800004,1.00000000,0.00800000,0.00000000,0.99199998,1.00000000,-1.00000000,0.03200000,0.00000000,0.96799999,1.00000000,-1.00000000,0.38367346,0.00816326,0.60816324,0.98000002,-1.00000000,0.60927153,0.00000000,0.39072847,0.60399997,-1.00000000,0.16393442,0.00000000,0.83606559,0.24400000,-1.00000000,0.98148149,0.01851852,0.00000000,0.21600001,-1.00000000,0.71428573,0.28571430,0.00000000,0.02800000,0.33333334,0.31619510,-0.23600000,-0.96799999,-1.18400002,-5.00000000,-6.00000000,VERDE
2026-10-02T20:15:00,1.00000000,0.18210863,0.00319489,0.81469649,1.51573849,1.00000000,0.05167173,0.00607903,0.94224924,1.59322035,1.00000000,0.01515152,0.00000000,0.98484850,1.59806299,-1.00000000,0.37462234,0.00302115,0.62235647,1.60290551,1.00000000,0.00956938,0.00000000,0.99043059,1.01210654,-1.00000000,0.04285714,0.00000000,0.95714283,1.01694918,-1.00000000,0.46078432,0.00980392,0.52941179,0.98789346,-1.00000000,0.83636361,0.00000000,0.16363636,0.53268766,-1.00000000,0.44999999,0.00000000,0.55000001,0.09685230,-1.00000000,1.00000000,0.00000000,0.00000000,0.24697337,-1.00000000,0.11904762,0.88095236,0.00000000,0.20338982,1.00000000,1.00000000,0.00000000,0.00000000,0.20823245,0.41666666,0.37851471,-0.04842615,-0.51815981,-1.50121069,-3.00000000,1.00000000,VERDE
2026-10-02T20:16:00,-1.00000000,0.38307351,0.00445434,0.61247218,1.99113083,1.00000000,0.18100891,0.00296736,0.81602377,1.49445677,1.00000000,0.05084746,0.00282486,0.94632769,1.56984484,1.00000000,0.01404494,0.00000000,0.98595506,1.57871401,-1.00000000,0.37254903,0.00280112,0.62464988,1.58314860,1.00000000,0.00888889,0.00000000,0.99111110,0.99778271,-1.00000000,0.03982301,0.00000000,0.96017700,1.00221729,-1.00000000,0.46363637,0.00909091,0.52727270,0.97560978,-1.00000000,0.83193278,0.00840336,0.15966387,0.52771616,-1.00000000,0.47619048,0.00000000,0.52380955,0.09312639,-1.00000000,0.97777778,0.02222222,0.00000000,0.19955654,1.00000000,1.00000000,0.00000000,0.00000000,0.14190687,0.41666666,0.39998108,-0.08425721,-0.96230596,-1.21951222,-3.00000000,1.00000000,ROJA
2026-10-02T20:17:00,1.00000000,0.18289086,0.00294985,0.81415927,1.51677847,1.00000000,0.05070423,0.00281690,0.94647884,1.58836687,1.00000000,0.01400560,0.00000000,0.98599440,1.59731543,-1.00000000,0.37150839,0.00279330,0.62569833,1.60178971,1.00000000,0.00884956,0.00000000,0.99115044,1.01118565,-1.00000000,0.03964758,0.00000000,0.96035242,1.01565993,-1.00000000,0.45701358,0.00904977,0.53393668,0.98881429,-1.00000000,0.82499999,0.00833333,0.16666667,0.53691274,-1.00000000,0.45454547,0.00000000,0.54545456,0.09843400,-1.00000000,0.97777778,0.02222222,0.00000000,0.20134228,1.00000000,1.00000000,0.00000000,0.00000000,0.14765100,-1.00000000,0.25000000,0.75000000,0.00000000,0.05369128,0.41666666,0.38599524,-0.05369128,-0.52796423,-1.50783002,-3.00000000,-1.00000000,VERDE
2026-10-02T20:18:00,1.00000000,0.01474926,0.00000000,0.98525071,4.49006605,-1.00000000,0.39117646,0.00294118,0.60588235,4.50331116,1.00000000,0.00961538,0.00000000,0.99038464,2.75496697,-1.00000000,0.04306220,0.00000000,0.95693779,2.76821184,-1.00000000,0.50246304,0.00985222,0.48768473,2.68874168,-1.00000000,0.99019605,0.00980392,0.00000000,1.35099339,-1.00000000,0.90909094,0.00000000,0.09090909,0.14569536,-1.00000000,0.89795917,0.10204082,0.00000000,0.64900661,1.00000000,0.65306121,0.34693879,0.00000000,0.64900661,-1.00000000,0.10526316,0.84210527,0.05263158,0.25165564,-1.00000000,0.10000000,0.85000002,0.05000000,0.26490065,1.00000000,1.00000000,0.00000000,0.00000000,0.25165564,0.33333334,0.46805307,0.22516556,0.07947020,-4.47682142,-1.00000000,1.00000000,VERDE
2026-10-02T20:19:00,-1.00000000,0.43630573,0.00318471,0.56050956,4.36111116,1.00000000,0.01123596,0.00000000,0.98876405,2.47222233,-1.00000000,0.05027933,0.00000000,0.94972068,2.48611116,-1.00000000,0.60693640,0.01156069,0.38150290,2.40277767,-1.00000000,0.98076922,0.00000000,0.01923077,1.44444442,-1.00000000,0.22727273,0.77272725,0.00000000,0.61111110,-1.00000000,0.41666666,0.58333331,0.00000000,1.00000000,1.00000000,0.25000000,0.75000000,0.00000000,1.00000000,-1.00000000,0.03571429,0.94642860,0.01785714,0.77777779,-1.00000000,0.05263158,0.92982459,0.01754386,0.79166669,1.00000000,0.35714287,0.64285713,0.00000000,0.77777779,1.00000000,0.97500002,0.00000000,0.02500000,0.55555558,0.33333334,0.36666289,0.76388890,1.00000000,-2.43055558,1.00000000,2.00000000,VERDE
2026-10-02T20:20:00,-1.00000000,0.47029704,0.00495049,0.52475250,2.63192177,1.00000000,0.23843417,0.00711744,0.75444841,1.83061886,1.00000000,0.06688963,0.00334448,0.92976588,1.94788277,1.00000000,0.01661129,0.00000000,0.98338872,1.96091211,1.00000000,0.01282051,0.00000000,0.98717946,1.01628661,-1.00000000,0.06369427,0.00000000,0.93630576,1.02280128,-1.00000000,0.74172187,0.01986755,0.23841059,0.98371333,-1.00000000,0.99099100,0.00000000,0.00900901,0.72312701,-1.00000000,0.07792208,0.92207789,0.00000000,0.50162864,1.00000000,0.03896104,0.96103895,0.00000000,0.50162864,1.00000000,0.54545456,0.44155845,0.01298701,0.50162864,1.00000000,0.97297299,0.00000000,0.02702703,0.24104235,0.58333331,0.35306421,0.49511400,-0.23452769,-1.38110745,1.00000000,3.00000000,ROJA
2026-10-02T20:21:00,1.00000000,0.21725240,0.00319489,0.77955270,2.12203383,1.00000000,0.06325302,0.00301205,0.93373495,2.25084734,1.00000000,0.01201201,0.00000000,0.98798800,2.25762701,1.00000000,0.01587302,0.00000000,0.98412699,1.28135598,-1.00000000,0.05291005,0.00000000,0.94708997,1.28135598,-1.00000000,0.61748636,0.01092896,0.37158471,1.24067795,-1.00000000,0.98214287,0.00000000,0.01785714,0.75932205,-1.00000000,0.09090909,0.90909094,0.00000000,0.29830509,1.00000000,0.04545455,0.95454544,0.00000000,0.29830509,1.00000000,0.93181819,0.06818182,0.00000000,0.29830509,1.00000000,1.00000000,0.00000000,0.00000000,0.25084746,-1.00000000,0.94444442,0.05555556,0.00000000,0.24406780,0.58333331,0.41446298,0.27796611,0.26440677,-2.11525416,1.00000000,-1.00000000,ROJA
2026-10-02T20:22:00,-1.00000000,0.53846157,0.01025641,0.45128205,4.23913050,-1.00000000,0.97115386,0.00961538,0.01923077,2.26086950,-1.00000000,0.47619048,0.52380955,0.00000000,0.45652175,-1.00000000,0.63461536,0.36538461,0.00000000,1.13043475,1.00000000,0.42307693,0.57692307,0.00000000,1.13043475,-1.00000000,0.06060606,0.90909094,0.03030303,0.71739131,-1.00000000,0.09090909,0.90909094,0.00000000,0.71739131,1.00000000,0.60606062,0.39393941,0.00000000,0.71739131,1.00000000,0.94999999,0.02500000,0.02500000,0.86956519,1.00000000,0.60714287,0.00000000,0.39285713,1.21739125,-1.00000000,0.81034482,0.03448276,0.15517241,1.26086962,-1.00000000,0.35714287,0.00000000,0.64285713,0.60869563,0.33333334,0.54380870,-0.52173913,0.67391306,-1.93478262,1.00000000,-2.00000000,ROJA
2026-10-02T20:23:00,-1.00000000,0.52970296,0.01485149,0.45544556,5.31578970,-1.00000000,0.99056602,0.00000000,0.00943396,2.78947377,-1.00000000,0.47619048,0.47619048,0.04761905,0.55263156,-1.00000000,0.52631581,0.47368422,0.00000000,1.00000000,1.00000000,0.18421052,0.81578946,0.00000000,1.00000000,-1.00000000,0.06060606,0.90909094,0.03030303,0.86842108,-1.00000000,0.09090909,0.90909094,0.00000000,0.86842108,1.00000000,0.60606062,0.39393941,0.00000000,0.86842108,1.00000000,0.97560978,0.02439024,0.00000000,1.07894742,1.00000000,0.59322035,0.00000000,0.40677965,1.55263162,-1.00000000,0.80327868,0.03278688,0.16393442,1.60526311,-1.00000000,0.35714287,0.00000000,0.64285713,0.73684210,0.33333334,0.51615107,-0.65789473,0.84210527,-2.42105269,1.00000000,-2.00000000,VERDE
2026-10-02T20:24:00,-1.00000000,0.38461539,0.57692307,0.03846154,0.67532468,-1.00000000,0.46511629,0.53488374,0.00000000,1.11688316,1.00000000,0.16279070,0.83720928,0.00000000,1.11688316,-1.00000000,0.05263158,0.92105263,0.02631579,0.98701298,-1.00000000,0.05128205,0.92307693,0.02564103,1.01298702,1.00000000,0.52631581,0.47368422,0.00000000,0.98701298,1.00000000,0.95238096,0.02380952,0.02380952,1.09090912,1.00000000,0.64814812,0.00000000,0.35185185,1.40259743,-1.00000000,0.85714287,0.05357143,0.08928572,1.45454550,-1.00000000,0.35714287,0.00000000,0.64285713,0.72727275,1.00000000,0.25000000,0.62500000,0.12500000,0.20779221,1.00000000,0.87500000,0.00000000,0.12500000,0.20779221,0.50000000,0.46521389,-0.12987013,-0.51948053,0.62337661,1.00000000,2.00000000,VERDE
2026-10-02T20:25:00,-1.00000000,0.30303031,0.66666669,0.03030303,0.75862068,-1.00000000,0.33333334,0.66666669,0.00000000,1.03448272,-1.00000000,0.04444445,0.93333334,0.02222222,1.03448272,-1.00000000,0.04444445,0.93333334,0.02222222,1.03448272,1.00000000,0.46666667,0.53333336,0.00000000,1.03448272,1.00000000,0.95238096,0.02380952,0.02380952,0.96551722,1.00000000,0.72916669,0.00000000,0.27083334,1.10344827,-1.00000000,0.96153843,0.03846154,0.00000000,1.19540226,-1.00000000,0.38709676,0.00000000,0.61290324,0.71264368,1.00000000,0.14285715,0.78571427,0.07142857,0.32183909,1.00000000,0.50000000,0.42857143,0.07142857,0.32183909,1.00000000,0.88888890,0.00000000,0.11111111,0.20689656,0.50000000,0.47948733,0.25287357,-1.08045971,0.71264368,1.00000000,3.00000000,VERDE
2026-10-02T20:26:00,-1.00000000,0.97826087,0.00724638,0.01449275,1.54189944,-1.00000000,0.12380952,0.86666667,0.00952381,1.17318439,-1.00000000,0.08928572,0.91071427,0.00000000,1.25139666,1.00000000,0.16071428,0.83928573,0.00000000,1.25139666,1.00000000,0.52040815,0.46938777,0.01020408,1.09497201,1.00000000,0.93750000,0.06250000,0.00000000,0.53631288,-1.00000000,0.93939394,0.06060606,0.00000000,0.73743016,-1.00000000,0.11650486,0.65048546,0.23300971,1.15083802,1.00000000,0.01234568,0.00000000,0.98765433,0.90502793,1.00000000,0.09876543,0.87654322,0.02469136,0.90502793,1.00000000,0.14864865,0.85135138,0.00000000,0.82681566,1.00000000,0.95588237,0.00000000,0.04411765,0.75977653,0.58333331,0.42345995,0.00000000,0.72625697,1.02793300,3.00000000,4.00000000,VERDE
2026-10-02T20:27:00,-1.00000000,0.07812500,0.92187500,0.00000000,1.36898398,-1.00000000,1.00000000,0.00000000,0.00000000,0.08556150,1.00000000,0.14062500,0.85937500,0.00000000,1.36898398,1.00000000,0.44736841,0.54385966,0.00877193,1.21925139,1.00000000,0.70312500,0.29687500,0.00000000,0.68449199,-1.00000000,0.75609756,0.24390244,0.00000000,0.87700534,-1.00000000,0.10084034,0.69747901,0.20168068,1.27272725,1.00000000,0.01030928,0.00000000,0.98969072,1.03743315,1.00000000,0.08247422,0.89690721,0.02061856,1.03743315,1.00000000,0.12222222,0.87777776,0.00000000,0.96256685,1.00000000,0.77380955,0.19047619,0.03571429,0.89839572,1.00000000,0.89999998,0.00000000,0.10000000,0.21390374,0.66666669,0.42624971,0.94117647,1.01604283,1.36898398,5.00000000,5.00000000,VERDE
2026-10-02T20:28:00,-1.00000000,0.03485255,0.96246648,0.00268097,1.07647908,-1.00000000,0.01595745,0.98404253,0.00000000,1.08513713,1.00000000,0.03457447,0.96542555,0.00000000,1.08513713,1.00000000,0.13387978,0.86338800,0.00273224,1.05627704,1.00000000,0.13207547,0.86792451,0.00000000,0.91774893,-1.00000000,0.17857143,0.82142860,0.00000000,0.96969700,-1.00000000,0.03243243,0.90810812,0.05945946,1.06782103,1.00000000,0.02285714,0.97142857,0.00571429,1.01010096,1.00000000,0.02915452,0.97084546,0.00000000,0.98989898,1.00000000,0.18397626,0.80712163,0.00890208,0.97258300,1.00000000,0.06159420,0.93115944,0.00724638,0.79653680,1.00000000,1.00000000,0.00000000,0.00000000,0.75036073,0.66666669,0.15499380,0.96103895,1.00144303,1.07070708,5.00000000,5.00000000,ROJA
2026-10-02T20:29:00,1.00000000,0.04100946,0.95899051,0.00000000,1.12811387,1.00000000,0.15960912,0.83713353,0.00325733,1.09252667,1.00000000,0.16538462,0.83461541,0.00000000,0.92526692,-1.00000000,0.21660650,0.78339350,0.00000000,0.98576510,-1.00000000,0.03846154,0.88782054,0.07371795,1.11032033,1.00000000,0.00687285,0.98969072,0.00343643,1.03558719,1.00000000,0.03092784,0.96563572,0.00343643,1.03558719,1.00000000,0.03521127,0.96478873,0.00000000,1.01067615,1.00000000,0.22302158,0.76978415,0.00719424,0.98932385,1.00000000,0.07834101,0.91244239,0.00921659,0.77224201,1.00000000,0.99615383,0.00000000,0.00384615,0.92526692,-1.00000000,0.98360658,0.01639344,0.00000000,0.21708184,0.75000000,0.24793385,0.75800711,0.99644130,1.07829177,3.00000000,-1.00000000,VERDE
2026-10-02T20:32:00,1.00000000,0.08823530,0.91176468,0.00000000,1.04615390,-1.00000000,0.11931818,0.88068181,0.00000000,1.08307695,-1.00000000,0.02222222,0.97777778,0.00000000,1.10769236,1.00000000,0.01388889,0.98611110,0.00000000,1.10769236,1.00000000,0.01960784,0.98039216,0.00000000,1.09846151,1.00000000,0.12464589,0.86968839,0.00566572,1.08615386,1.00000000,0.03870968,0.95806450,0.00322581,0.95384616,1.00000000,0.61204016,0.38795987,0.00000000,0.92000002,-1.00000000,0.26415095,0.73584908,0.00000000,0.48923078,1.00000000,0.71698111,0.28301886,0.00000000,0.48923078,1.00000000,0.79518074,0.20481928,0.00000000,0.25538462,-1.00000000,0.69999999,0.30000001,0.00000000,0.09230769,0.66666669,0.29291508,0.48307693,0.91076922,0.95076925,1.00000000,-1.00000000,ROJA
2026-10-02T20:33:00,-1.00000000,0.11924119,0.88075882,0.00000000,1.06340063,-1.00000000,0.02362205,0.96850395,0.00787402,1.09798276,1.00000000,0.00526316,0.99210525,0.00263158,1.09510088,1.00000000,0.01846966,0.98153037,0.00000000,1.09221900,1.00000000,0.02133333,0.97866666,0.00000000,1.08069170,1.00000000,0.12432432,0.87027025,0.00540541,1.06628239,1.00000000,0.04000000,0.95692307,0.00307692,0.93659943,1.00000000,0.61146498,0.38535032,0.00318471,0.90489912,-1.00000000,0.26506025,0.73493975,0.00000000,0.47838616,1.00000000,0.72289157,0.27710843,0.00000000,0.47838616,1.00000000,0.80459768,0.19540229,0.00000000,0.25072047,-1.00000000,0.71875000,0.28125000,0.00000000,0.09221902,0.66666669,0.28958485,0.47550431,0.89625359,1.06051874,1.00000000,-1.00000000,ROJA
2026-10-02T20:34:00,1.00000000,0.00359712,0.98920864,0.00719424,1.57062149,1.00000000,0.02166065,0.97472924,0.00361011,1.56497180,1.00000000,0.02564103,0.97069597,0.00366300,1.54237282,1.00000000,0.17164180,0.82089549,0.00746269,1.51412427,1.00000000,0.06278027,0.93273544,0.00448431,1.25988698,1.00000000,0.90995258,0.09004740,0.00000000,1.19209039,-1.00000000,0.68750000,0.29687500,0.01562500,0.36158192,1.00000000,0.99166667,0.00833333,0.00000000,0.67796612,1.00000000,0.48951048,0.12587413,0.38461539,0.80790961,-1.00000000,0.17164180,0.05970149,0.76865673,0.75706214,-1.00000000,0.02857143,0.00000000,0.97142857,0.59322035,-1.00000000,1.00000000,0.00000000,0.00000000,0.59322035,0.66666669,0.38034698,-0.70621467,0.34463277,1.54802263,-1.00000000,-3.00000000,ROJA
2026-10-02T20:35:00,1.00000000,0.03743315,0.95721924,0.00534759,0.99468082,1.00000000,0.04419890,0.95580113,0.00000000,0.96276593,1.00000000,0.28813559,0.69491524,0.01694915,0.94148934,1.00000000,0.11111111,0.87301588,0.01587302,0.67021275,1.00000000,0.99537039,0.00000000,0.00462963,1.14893615,-1.00000000,0.46666667,0.01904762,0.51428574,0.55851066,1.00000000,0.70899469,0.00529101,0.28571430,1.00531912,1.00000000,0.27464789,0.07042254,0.65492958,1.51063836,-1.00000000,0.09124088,0.03284672,0.87591243,1.45744681,-1.00000000,0.00826446,0.00413223,0.98760331,1.28723407,-1.00000000,0.48547718,0.00414938,0.51037347,1.28191495,-1.00000000,0.72674417,0.00581395,0.26744187,0.91489363,0.58333331,0.35319042,-1.27659571,-0.99468082,0.95212764,-3.00000000,-4.00000000,VERDE
2026-10-02T20:36:00,1.00000000,0.03791469,0.96208531,0.00000000,1.00956941,1.00000000,0.24637681,0.73913044,0.01449275,0.99043059,1.00000000,0.08974359,0.89743590,0.01282051,0.74641150,1.00000000,0.99537039,0.00000000,0.00462963,1.03349280,-1.00000000,0.65333331,0.02666667,0.31999999,0.35885167,1.00000000,0.84276730,0.00628931,0.15094340,0.76076555,1.00000000,0.30708662,0.07874016,0.61417323,1.21531105,-1.00000000,0.10245901,0.03688525,0.86065573,1.16746414,-1.00000000,0.00943396,0.00471698,0.98584908,1.01435411,-1.00000000,0.55450237,0.00473934,0.44075829,1.00956941,-1.00000000,0.72674417,0.00581395,0.26744187,0.82296652,1.00000000,0.93939394,0.03030303,0.03030303,0.15789473,0.58333331,0.45876053,-1.00000000,-1.11483252,0.97129184,-3.00000000,1.00000000,VERDE
2026-10-02T20:37:00,1.00000000,0.15887851,0.83177572,0.00934579,2.33454537,1.00000000,0.05185185,0.94074076,0.00740741,1.96363640,1.00000000,0.83657587,0.15953307,0.00389105,1.86909091,-1.00000000,0.53846157,0.46153846,0.00000000,0.66181821,1.00000000,0.99259257,0.00740741,0.00000000,0.98181820,1.00000000,0.55714285,0.14285715,0.30000001,1.01818180,-1.00000000,0.19230770,0.06923077,0.73846155,0.94545454,-1.00000000,0.02040816,0.01020408,0.96938777,0.71272725,-1.00000000,0.99152541,0.00847458,0.00000000,0.85818183,-1.00000000,0.65445024,0.10471204,0.24083769,1.38909090,1.00000000,0.21917808,0.77397263,0.00684932,1.06181812,1.00000000,0.90551180,0.08661418,0.00787402,0.92363638,0.58333331,0.50990707,0.15272728,-0.69818181,1.94181824,-1.00000000,2.00000000,ROJA
2026-10-02T20:38:00,1.00000000,0.11200000,0.87199998,0.01600000,0.69060773,1.00000000,0.99537039,0.00000000,0.00462963,1.19337022,-1.00000000,0.46226415,0.01886792,0.51886791,0.58563536,1.00000000,0.70526314,0.00526316,0.28947368,1.04972374,1.00000000,0.27368420,0.07017544,0.65614033,1.57458568,-1.00000000,0.09090909,0.03272727,0.87636364,1.51933706,-1.00000000,0.00823045,0.00411523,0.98765433,1.34254146,-1.00000000,0.48347107,0.00413223,0.51239669,1.33701658,-1.00000000,0.73255813,0.00581395,0.26162791,0.95027626,1.00000000,0.94285715,0.05714286,0.00000000,0.19337016,1.00000000,0.73248410,0.07006370,0.19745223,0.86740333,-1.00000000,0.99319726,0.00680272,0.00000000,0.81215471,0.50000000,0.54435742,0.00000000,-1.32596684,0.60220993,-1.00000000,-1.00000000,VERDE
2026-10-02T20:39:00,1.00000000,0.99537039,0.00000000,0.00462963,1.26315784,-1.00000000,0.56976742,0.02325581,0.40697673,0.50292397,1.00000000,0.78823531,0.00588235,0.20588236,0.99415207,1.00000000,0.29433963,0.07547170,0.63018870,1.54970765,-1.00000000,0.09803922,0.03529412,0.86666667,1.49122810,-1.00000000,0.00896861,0.00448431,0.98654711,1.30409360,-1.00000000,0.52702701,0.00450450,0.46846846,1.29824567,-1.00000000,0.72674417,0.00581395,0.26744187,1.00584793,1.00000000,0.91428572,0.05714286,0.02857143,0.20467836,1.00000000,0.83941609,0.08029197,0.08029197,0.80116957,-1.00000000,0.98648649,0.00675676,0.00675676,0.86549705,1.00000000,1.00000000,0.00000000,0.00000000,0.12865497,0.50000000,0.64572334,-0.07017544,-0.60818714,-0.49122807,1.00000000,1.00000000,VERDE
2026-10-02T20:40:00,-1.00000000,0.64473683,0.02631579,0.32894737,0.49350649,1.00000000,0.83749998,0.00625000,0.15625000,1.03896105,1.00000000,0.30588236,0.07843138,0.61568630,1.65584421,-1.00000000,0.10204082,0.03673469,0.86122447,1.59090912,-1.00000000,0.00938967,0.00469484,0.98591548,1.38311684,-1.00000000,0.55188680,0.00471698,0.44339624,1.37662339,-1.00000000,0.72674417,0.00581395,0.26744187,1.11688316,1.00000000,0.91428572,0.05714286,0.02857143,0.22727273,1.00000000,0.91338581,0.08661418,0.00000000,0.82467532,-1.00000000,0.98648649,0.00675676,0.00675676,0.96103895,1.00000000,0.68750000,0.31250000,0.00000000,0.20779221,1.00000000,0.92307693,0.00000000,0.07692308,0.08441558,0.50000000,0.63357627,-0.74675328,0.18831168,-0.16233766,3.00000000,2.00000000,VERDE
2026-10-02T20:41:00,1.00000000,0.91780823,0.00684932,0.07534247,0.99319726,1.00000000,0.32365146,0.08298755,0.59336102,1.63945580,-1.00000000,0.10822511,0.03896104,0.85281384,1.57142854,-1.00000000,0.01005025,0.00502513,0.98492461,1.35374153,-1.00000000,0.59090906,0.00505051,0.40404040,1.34693873,-1.00000000,0.72674417,0.00581395,0.26744187,1.17006803,1.00000000,0.71111113,0.26666668,0.02222222,0.30612245,1.00000000,0.90551180,0.08661418,0.00787402,0.86394560,-1.00000000,0.98648649,0.00675676,0.00675676,1.00680268,1.00000000,0.47826087,0.52173913,0.00000000,0.31292516,1.00000000,0.44444445,0.51851851,0.03703704,0.18367347,1.00000000,0.89473683,0.00000000,0.10526316,0.12925170,0.58333331,0.59149498,0.30612245,0.08843537,-0.97278911,3.00000000,3.00000000,VERDE
2026-10-02T20:42:00,1.00000000,0.37681159,0.09661835,0.52657002,1.50545454,-1.00000000,0.12690355,0.04568528,0.82741117,1.43272722,-1.00000000,0.01212121,0.00606061,0.98181820,1.20000005,-1.00000000,0.71341461,0.00609756,0.28048781,1.19272733,-1.00000000,0.72674417,0.00581395,0.26744187,1.25090909,1.00000000,0.40506330,0.58227849,0.01265823,0.57454544,1.00000000,0.90551180,0.08661418,0.00787402,0.92363638,-1.00000000,0.98648649,0.00675676,0.00675676,1.07636368,1.00000000,0.27500001,0.72500002,0.00000000,0.58181816,1.00000000,0.19672132,0.78688526,0.01639344,0.44363636,1.00000000,0.32692307,0.63461536,0.03846154,0.37818182,1.00000000,0.97222221,0.00000000,0.02777778,0.26181817,0.58333331,0.50199360,0.42181817,-0.48727274,-1.35272729,3.00000000,4.00000000,VERDE
2026-10-02T20:43:00,-1.00000000,0.18115942,0.06521739,0.75362319,1.11740887,-1.00000000,0.01886792,0.00943396,0.97169811,0.85829961,-1.00000000,0.99152541,0.00847458,0.00000000,0.95546561,-1.00000000,0.68306011,0.06557377,0.25136611,1.48178136,1.00000000,0.23188406,0.76086956,0.00724638,1.11740887,1.00000000,0.90551180,0.08661418,0.00787402,1.02834010,-1.00000000,0.98648649,0.00675676,0.00675676,1.19838059,1.00000000,0.15827338,0.84172660,0.00000000,1.12550604,1.00000000,0.10000000,0.89166665,0.00833333,0.97165990,1.00000000,0.15315315,0.82882881,0.01801802,0.89878541,1.00000000,0.57894737,0.41052631,0.01052632,0.76923078,1.00000000,0.97142857,0.02857143,0.00000000,0.28340080,0.58333331,0.49669147,0.86639678,1.10931170,-0.84210527,5.00000000,5.00000000,VERDE
2026-10-02T20:44:00,-1.00000000,0.02150538,0.01075269,0.96774191,0.74103588,-1.00000000,0.99152541,0.00847458,0.00000000,0.94023907,-1.00000000,0.63775510,0.12755102,0.23469388,1.56175303,1.00000000,0.21192053,0.78145695,0.00662252,1.20318723,1.00000000,0.90551180,0.08661418,0.00787402,1.01195216,-1.00000000,0.96052629,0.03289474,0.00657895,1.21115541,1.00000000,0.14473684,0.85526317,0.00000000,1.21115541,1.00000000,0.09022556,0.90225565,0.00751880,1.05976093,1.00000000,0.13709678,0.84677422,0.01612903,0.98804784,1.00000000,0.50925928,0.48148149,0.00925926,0.86055779,1.00000000,0.74468082,0.25531915,0.00000000,0.37450200,1.00000000,0.93750000,0.00000000,0.06250000,0.12749004,0.66666669,0.52435368,0.84462154,1.04382467,-0.70916337,5.00000000,6.00000000,VERDE
2026-10-02T20:45:00,-1.00000000,0.99056602,0.00943396,0.00000000,0.59052926,-1.00000000,0.45528457,0.37398374,0.17073171,1.37047350,1.00000000,0.14146341,0.85853660,0.00000000,1.14206123,1.00000000,0.58426964,0.41573033,0.00000000,0.99164343,-1.00000000,0.64077669,0.35922331,0.00000000,1.14763236,1.00000000,0.09708738,0.90291262,0.00000000,1.14763236,1.00000000,0.06349207,0.93650794,0.00000000,1.05292475,1.00000000,0.08839779,0.90055251,0.01104972,1.00835657,1.00000000,0.29341316,0.69461077,0.01197605,0.93036211,1.00000000,0.27678570,0.72321427,0.00000000,0.62395543,1.00000000,0.16666667,0.80952382,0.02380952,0.46796659,1.00000000,0.87654322,0.11111111,0.01234568,0.45125347,0.75000000,0.38956219,0.64623958,0.98607242,0.51810586,5.00000000,7.00000000,VERDE
2026-10-02T20:46:00,-1.00000000,0.33090910,0.54909092,0.12000000,1.23873878,1.00000000,0.09465021,0.90123457,0.00411523,1.09459460,1.00000000,0.38009050,0.61990952,0.00000000,0.99549550,-1.00000000,0.43621400,0.56378603,0.00000000,1.09459460,1.00000000,0.06584362,0.93415636,0.00000000,1.09459460,1.00000000,0.04366812,0.95633185,0.00000000,1.03153157,1.00000000,0.05829597,0.93721974,0.00448431,1.00450456,1.00000000,0.18867925,0.80660379,0.00471698,0.95495498,1.00000000,0.14880952,0.84523809,0.00595238,0.75675678,1.00000000,0.08275862,0.91034484,0.00689655,0.65315318,1.00000000,0.28888890,0.70370370,0.00740741,0.60810810,1.00000000,0.80468750,0.19531250,0.00000000,0.57657659,0.83333331,0.24362461,0.63963962,0.94144142,1.08558559,5.00000000,8.00000000,ROJA
2026-10-02T20:47:00,1.00000000,0.10389610,0.89610392,0.00000000,1.13235295,1.00000000,0.41148326,0.58851677,0.00000000,1.02450979,-1.00000000,0.46982759,0.53017241,0.00000000,1.13725495,1.00000000,0.07327586,0.92672414,0.00000000,1.13725495,1.00000000,0.04128440,0.95412844,0.00458716,1.06862748,1.00000000,0.06132076,0.92924529,0.00943396,1.03921568,1.00000000,0.20100503,0.79396987,0.00502513,0.97549021,1.00000000,0.16774194,0.82580644,0.00645161,0.75980395,1.00000000,0.09160306,0.90076333,0.00763359,0.64215684,1.00000000,0.33884299,0.66115701,0.00000000,0.59313726,1.00000000,0.80303031,0.18939394,0.00757576,0.64705884,-1.00000000,0.59375000,0.37500000,0.03125000,0.15686275,0.83333331,0.27975512,0.57843137,0.77450979,1.01470590,3.00000000,-1.00000000,ROJA
2026-10-02T20:51:00,1.00000000,0.47959185,0.52040815,0.00000000,1.19148934,-1.00000000,0.53393668,0.46606335,0.00000000,1.34346509,1.00000000,0.08144797,0.91855204,0.00000000,1.34346509,1.00000000,0.05339806,0.94660193,0.00000000,1.25227964,1.00000000,0.07035176,0.91959798,0.01005025,1.20972645,1.00000000,0.24193548,0.75268817,0.00537634,1.13069904,1.00000000,0.20437956,0.79562044,0.00000000,0.83282673,1.00000000,0.11711711,0.87387389,0.00900901,0.67477202,1.00000000,0.43564355,0.55445546,0.00990099,0.61398178,1.00000000,0.81118882,0.18881118,0.00000000,0.86930090,-1.00000000,0.60000002,0.20000000,0.20000000,0.39513677,-1.00000000,1.00000000,0.00000000,0.00000000,0.09118541,0.75000000,0.38574922,0.34042552,0.66261399,0.62006080,1.00000000,-2.00000000,VERDE
2026-10-02T20:52:00,1.00000000,0.05200000,0.94000000,0.00800000,2.40384626,1.00000000,0.16386555,0.83193278,0.00420168,2.28846145,1.00000000,0.12307692,0.87179488,0.00512821,1.87500000,1.00000000,0.06395349,0.93023258,0.00581395,1.65384614,1.00000000,0.23926380,0.75460124,0.00613497,1.56730771,1.00000000,0.78625953,0.21374045,0.00000000,1.25961542,-1.00000000,0.55555558,0.44444445,0.00000000,0.60576922,-1.00000000,0.17333333,0.81333333,0.01333333,0.72115386,1.00000000,0.04000000,0.94666666,0.01333333,0.72115386,1.00000000,0.66666669,0.30666667,0.02666667,0.72115386,1.00000000,0.10389610,0.22077923,0.67532468,0.74038464,1.00000000,0.89999998,0.05000000,0.05000000,0.19230770,0.83333331,0.32232258,0.68269229,0.59615386,2.25961542,3.00000000,4.00000000,ROJA
2026-10-02T20:53:00,1.00000000,0.25000000,0.74374998,0.00625000,1.93939400,1.00000000,0.21551724,0.78448278,0.00000000,1.40606058,1.00000000,0.12765957,0.86170214,0.01063830,1.13939393,1.00000000,0.46428570,0.53571427,0.00000000,1.01818180,1.00000000,0.80314958,0.18897638,0.00787402,1.53939390,-1.00000000,0.55555558,0.19047619,0.25396827,0.76363635,-1.00000000,0.68421054,0.05263158,0.26315790,0.23030303,1.00000000,0.37500000,0.00000000,0.62500000,0.09696969,1.00000000,0.80952382,0.09523810,0.09523810,0.76363635,1.00000000,0.12500000,0.01562500,0.85937500,0.77575755,1.00000000,0.22222222,0.01234568,0.76543212,0.98181820,-1.00000000,0.87912089,0.00000000,0.12087912,1.10303032,0.75000000,0.45927042,-0.67878789,-0.06060606,1.44242430,3.00000000,-1.00000000,ROJA
2026-10-02T20:54:00,1.00000000,0.24598931,0.74866313,0.00534759,1.94791663,1.00000000,0.21323529,0.78676468,0.00000000,1.41666663,1.00000000,0.11818182,0.86363637,0.01818182,1.14583337,1.00000000,0.45454547,0.53535354,0.01010101,1.03125000,1.00000000,0.80405408,0.18918920,0.00675676,1.54166663,-1.00000000,0.56164384,0.19178082,0.24657534,0.76041669,-1.00000000,0.71428573,0.04761905,0.23809524,0.21875000,1.00000000,0.33333334,0.00000000,0.66666669,0.09375000,1.00000000,0.79452056,0.10958904,0.09589041,0.76041669,1.00000000,0.12328767,0.01369863,0.86301368,0.76041669,1.00000000,0.21505377,0.01075269,0.77419353,0.96875000,-1.00000000,0.87735850,0.00000000,0.12264151,1.10416663,0.75000000,0.45462412,-0.67708331,-0.06250000,1.44791663,3.00000000,-1.00000000,ROJA
2026-10-02T20:56:58,-1.00000000,0.01826484,0.98173517,0.00000000,1.11167514,-1.00000000,0.01601831,0.00000000,0.98398167,1.10913706,-1.00000000,0.01913876,0.98086125,0.00000000,1.06091368,1.00000000,0.01785714,0.76275510,0.21938775,0.99492383,-1.00000000,0.00422833,0.68921775,0.30655390,1.20050764,-1.00000000,0.02266289,0.97733712,0.00000000,0.89593911,-1.00000000,0.02020202,0.87121212,0.10858586,1.00507617,-1.00000000,0.01691332,0.72727275,0.25581396,1.20050764,-1.00000000,0.02272727,0.97727275,0.00000000,0.89340103,-1.00000000,0.02614379,0.97385621,0.00000000,0.77664977,-1.00000000,0.10000000,0.41999999,0.47999999,0.12690355,-1.00000000,0.14583333,0.81250000,0.04166667,0.12182741,0.08333334,0.03583250,0.00000000,0.00000000,0.16497461,-5.00000000,-8.00000000,ROJA
2026-10-02T20:57:00,-1.00000000,0.02255639,0.29323310,0.68421054,1.09917355,-1.00000000,0.04477612,0.95522386,0.00000000,1.10743797,-1.00000000,0.01515152,0.18939394,0.79545456,1.09090912,-1.00000000,0.01639344,0.66393441,0.31967214,1.00826442,-1.00000000,0.02510460,0.33054394,0.64435148,0.98760331,-1.00000000,0.02941176,0.75630254,0.21428572,0.98347110,-1.00000000,0.01652892,0.33057851,0.65289259,1.00000000,-1.00000000,0.00826446,0.02066116,0.97107440,1.00000000,-1.00000000,0.02790698,0.96744186,0.00465116,0.88842976,-1.00000000,0.00833333,0.01666667,0.97500002,0.99173552,-1.00000000,0.02392345,0.87559807,0.10047847,0.86363637,-1.00000000,0.01200000,0.17000000,0.81800002,2.06611562,0.00000000,0.02086258,0.76446283,0.11570248,0.12396694,-5.00000000,-12.00000000,ROJA
2026-10-02T20:58:00,-1.00000000,0.02255639,0.29323310,0.68421054,1.09917355,-1.00000000,0.04477612,0.95522386,0.00000000,1.10743797,-1.00000000,0.01515152,0.18939394,0.79545456,1.09090912,-1.00000000,0.01639344,0.66393441,0.31967214,1.00826442,-1.00000000,0.02510460,0.33054394,0.64435148,0.98760331,-1.00000000,0.02941176,0.75630254,0.21428572,0.98347110,-1.00000000,0.01652892,0.33057851,0.65289259,1.00000000,-1.00000000,0.00826446,0.02066116,0.97107440,1.00000000,-1.00000000,0.02790698,0.96744186,0.00465116,0.88842976,-1.00000000,0.00833333,0.01666667,0.97500002,0.99173552,-1.00000000,0.02392345,0.87559807,0.10047847,0.86363637,-1.00000000,0.01200000,0.17000000,0.81800002,2.06611562,0.00000000,0.02086258,0.71074378,0.06198347,0.07024793,-5.00000000,-12.00000000,ROJA
2026-10-02T21:00:36,-1.00000000,0.01834862,0.74311924,0.23853211,1.25287354,-1.00000000,0.04545455,0.47272727,0.48181817,1.26436782,-1.00000000,0.04545455,0.06818182,0.88636363,1.01149428,-1.00000000,0.02380952,0.03571429,0.94047618,0.96551722,-1.00000000,0.08536585,0.29268292,0.62195122,0.94252872,-1.00000000,0.02325581,0.63953489,0.33720931,0.98850572,-1.00000000,0.02409638,0.36144578,0.61445785,0.95402300,-1.00000000,0.02222222,0.10000000,0.87777776,1.03448272,-1.00000000,0.02380952,0.95238096,0.02380952,0.96551722,-1.00000000,0.02272727,0.96590906,0.01136364,1.01149428,-1.00000000,0.03636364,0.43636364,0.52727270,0.63218391,-1.00000000,0.01202405,0.17034069,0.81763530,5.73563242,0.00000000,0.03191100,0.01149425,-0.56321841,0.01149425,-5.00000000,-12.00000000,ROJA
2026-10-02T21:24:00,-1.00000000,0.42647058,0.56250000,0.01102941,3.72602749,-1.00000000,0.45161289,0.53225809,0.01612903,0.84931505,-1.00000000,0.25433525,0.34682080,0.39884394,2.36986303,1.00000000,0.65363127,0.34636870,0.00000000,2.45205474,-1.00000000,0.19736843,0.67105263,0.13157895,1.04109585,-1.00000000,0.91566265,0.07228915,0.01204819,1.13698626,1.00000000,0.91860467,0.05813954,0.02325581,1.17808223,-1.00000000,0.55714285,0.04285714,0.40000001,0.95890409,1.00000000,0.78947371,0.21052632,0.00000000,0.52054793,-1.00000000,0.69696969,0.18181819,0.12121212,0.45205480,1.00000000,0.95999998,0.00000000,0.04000000,0.34246576,-1.00000000,0.77777779,0.11111111,0.11111111,0.24657534,0.33333334,0.63325417,-0.08219178,-0.20547946,3.58904099,-1.00000000,-1.00000000,ROJA
2026-10-02T21:25:00,-1.00000000,0.42490843,0.56410259,0.01098901,3.73972607,-1.00000000,0.44444445,0.53968257,0.01587302,0.86301368,-1.00000000,0.25287357,0.35057470,0.39655173,2.38356161,1.00000000,0.65363127,0.34636870,0.00000000,2.45205474,-1.00000000,0.19736843,0.67105263,0.13157895,1.04109585,-1.00000000,0.91566265,0.07228915,0.01204819,1.13698626,1.00000000,0.91860467,0.05813954,0.02325581,1.17808223,-1.00000000,0.55714285,0.04285714,0.40000001,0.95890409,1.00000000,0.81578946,0.18421052,0.00000000,0.52054793,-1.00000000,0.72727275,0.15151516,0.12121212,0.45205480,1.00000000,0.95999998,0.00000000,0.04000000,0.34246576,-1.00000000,0.77777779,0.11111111,0.11111111,0.24657534,0.33333334,0.63712305,-0.08219178,-0.19178082,3.60273981,-1.00000000,-1.00000000,ROJA
2026-10-02T21:26:02,-1.00000000,0.44285715,0.54285717,0.01428571,0.95238096,-1.00000000,0.25388601,0.35233161,0.39378238,2.62585044,1.00000000,0.64646465,0.34848484,0.00505051,2.69387746,-1.00000000,0.20238096,0.66666669,0.13095239,1.14285719,-1.00000000,0.91304350,0.07608695,0.01086957,1.25170064,1.00000000,0.90526319,0.06315789,0.03157895,1.29251707,-1.00000000,0.55844158,0.05194805,0.38961038,1.04761910,1.00000000,0.78571427,0.21428572,0.00000000,0.57142860,-1.00000000,0.75000000,0.13888890,0.11111111,0.48979592,1.00000000,0.96428573,0.00000000,0.03571429,0.38095239,-1.00000000,0.40000001,0.20000000,0.40000001,0.06802721,-1.00000000,0.77777779,0.11111111,0.11111111,0.24489796,0.33333334,0.63334292,0.27210885,0.38095239,0.84353739,-1.00000000,-2.00000000,ROJA
2026-10-02T21:27:21,-1.00000000,0.02614379,0.96732026,0.00653595,1.01324499,-1.00000000,0.66666669,0.16666667,0.16666667,0.03973510,-1.00000000,0.66666669,0.16666667,0.16666667,0.03973510,1.00000000,0.21613833,0.00000000,0.78386170,2.29801321,-1.00000000,0.80000001,0.00000000,0.20000000,0.03311258,-1.00000000,0.04029304,0.00000000,0.95970696,1.80794704,-1.00000000,0.01526718,0.98091602,0.00381679,1.73509932,1.00000000,0.01127820,0.98496240,0.00375940,1.76158941,-1.00000000,0.80000001,0.00000000,0.20000000,0.03311258,-1.00000000,0.10067114,0.00000000,0.89932889,0.98675495,-1.00000000,0.02877698,0.96402878,0.00719424,0.92052978,-1.00000000,0.01500000,0.98000002,0.00500000,1.32450330,0.16666667,0.28224182,0.09933775,0.17218544,0.56291389,-3.00000000,-4.00000000,VERDE
2026-10-02T21:29:13,-1.00000000,0.37500000,0.00000000,0.62500000,0.85714287,-1.00000000,0.37500000,0.00000000,0.62500000,0.85714287,-1.00000000,0.37500000,0.00000000,0.62500000,0.85714287,-1.00000000,0.37500000,0.00000000,0.62500000,0.85714287,1.00000000,1.00000000,0.00000000,0.00000000,3.25000000,-1.00000000,1.00000000,0.00000000,0.00000000,0.53571427,-1.00000000,1.00000000,0.00000000,0.00000000,0.21428572,-1.00000000,1.00000000,0.00000000,0.00000000,1.89285719,-1.00000000,1.00000000,0.00000000,0.00000000,1.89285719,1.00000000,1.00000000,0.00000000,0.00000000,1.67857146,-1.00000000,1.00000000,0.00000000,0.00000000,1.14285719,1.00000000,0.37671232,0.21917808,0.40410960,10.42857170,0.25000000,0.73972601,4.42857122,4.42857122,6.35714293,-1.00000000,1.00000000,VERDE
2026-10-02T21:30:47,1.00000000,0.47969544,0.00000000,0.52030456,1.98488665,1.00000000,0.08333334,0.00000000,0.91666669,0.12090680,1.00000000,0.00643087,0.13183279,0.86173636,1.56675065,1.00000000,0.02592593,0.97407407,0.00000000,1.36020148,1.00000000,0.13186814,0.27472529,0.59340662,0.45843828,1.00000000,0.02409638,0.89156628,0.08433735,2.09068012,1.00000000,0.00576369,0.00000000,0.99423629,1.74811089,1.00000000,0.00576369,0.81556195,0.17867436,1.74811089,1.00000000,0.06363636,0.19090909,0.74545455,0.55415618,1.00000000,1.00000000,0.00000000,0.00000000,0.03526448,1.00000000,0.07692308,0.00000000,0.92307693,0.13098237,1.00000000,0.02362205,0.49606299,0.48031497,0.63979846,1.00000000,0.16058825,0.06549118,0.02518892,-0.31234258,5.00000000,12.00000000,VERDE
2026-10-02T23:16:00,-1.00000000,0.40000001,0.40000001,0.20000000,0.23809524,-1.00000000,0.63636363,0.04545455,0.31818181,2.09523821,-1.00000000,0.75000000,0.12500000,0.12500000,0.38095239,-1.00000000,0.97122300,0.00719424,0.02158273,6.61904764,-1.00000000,0.98305082,0.01694915,0.00000000,2.80952382,1.00000000,1.00000000,0.00000000,0.00000000,7.85714293,1.00000000,0.91304350,0.04347826,0.04347826,1.09523809,1.00000000,0.94736844,0.00000000,0.05263158,0.90476191,-1.00000000,0.33333334,0.50000000,0.16666667,0.28571430,1.00000000,0.71428573,0.14285715,0.14285715,0.33333334,-1.00000000,0.60000002,0.20000000,0.20000000,0.23809524,-1.00000000,1.00000000,0.00000000,0.00000000,9.52380943,0.33333334,0.77072239,-9.42857170,-8.71428585,-10.57142830,-1.00000000,-2.00000000,VERDE
2026-10-02T23:17:00,1.00000000,0.15037593,0.00000000,0.84962404,0.81345564,-1.00000000,0.02255639,0.00751880,0.96992481,0.81345564,1.00000000,0.03007519,0.00000000,0.96992481,0.81345564,-1.00000000,0.04469274,0.93854749,0.01675978,1.09480119,-1.00000000,0.28278688,0.71721309,0.00000000,1.49235475,1.00000000,0.01639344,0.98360658,0.00000000,1.49235475,-1.00000000,0.01639344,0.98360658,0.00000000,1.49235475,1.00000000,0.01219512,0.97967482,0.00813008,1.50458717,1.00000000,0.40408164,0.58775508,0.00816326,1.49847090,-1.00000000,0.01351351,0.97297299,0.01351351,0.90519875,1.00000000,0.05442177,0.93877554,0.00680272,0.89908254,1.00000000,0.95862067,0.03448276,0.00689655,0.88685018,0.58333331,0.16717556,0.88073397,1.48623848,-0.80733943,3.00000000,2.00000000,VERDE
2026-10-02T23:23:25,1.00000000,0.00649351,0.99025977,0.00324675,1.50980389,-1.00000000,0.00649351,0.99025977,0.00324675,1.50980389,1.00000000,0.13961039,0.85714287,0.00324675,1.50980389,1.00000000,0.01879699,0.98120302,0.00000000,1.30392158,1.00000000,0.23193917,0.76806086,0.00000000,1.28921568,1.00000000,0.01463415,0.98048782,0.00487805,1.00490201,1.00000000,0.30049261,0.69950742,0.00000000,0.99509805,1.00000000,0.38888890,0.61111110,0.00000000,0.70588237,1.00000000,0.40659341,0.58241761,0.01098901,0.44607842,1.00000000,0.21428572,0.76785713,0.01785714,0.27450982,1.00000000,0.84615386,0.15384616,0.00000000,0.25490198,-1.00000000,0.71428573,0.00000000,0.28571430,0.13725491,0.83333331,0.27405566,0.23529412,0.67156863,1.47058821,3.00000000,-1.00000000,ROJA
2026-10-02T23:29:17,1.00000000,0.14012739,0.85668790,0.00318471,1.76404500,-1.00000000,0.00735294,0.98897058,0.00367647,1.52808988,1.00000000,0.01845018,0.98154980,0.00000000,1.52247190,1.00000000,0.23048328,0.76579928,0.00371747,1.51123595,1.00000000,0.01435407,0.98086125,0.00478469,1.17415726,1.00000000,0.29807693,0.69711536,0.00480769,1.16853929,1.00000000,0.37837839,0.60810810,0.01351351,0.83146065,1.00000000,0.41304347,0.58695650,0.00000000,0.51685393,1.00000000,0.22807017,0.75438595,0.01754386,0.32022473,1.00000000,0.77777779,0.22222222,0.00000000,0.30337077,1.00000000,1.00000000,0.00000000,0.00000000,0.02808989,-1.00000000,0.82142860,0.10714286,0.07142857,0.15730338,0.83333331,0.36062860,0.17977528,0.44382024,1.44943821,3.00000000,-1.00000000,ROJA
2026-10-02T23:30:02,-1.00000000,0.13333334,0.86666667,0.00000000,0.98360658,-1.00000000,0.06666667,0.10000000,0.83333331,0.98360658,-1.00000000,0.06666667,0.00000000,0.93333334,0.98360658,-1.00000000,0.13333334,0.03333334,0.83333331,0.98360658,-1.00000000,0.16129032,0.00000000,0.83870965,1.01639342,-1.00000000,0.16129032,0.83870965,0.00000000,1.01639342,-1.00000000,0.07142857,0.00000000,0.92857140,1.83606553,-1.00000000,0.12903225,0.87096775,0.00000000,1.01639342,-1.00000000,0.06451613,0.00000000,0.93548387,1.01639342,-1.00000000,0.06451613,0.00000000,0.93548387,1.01639342,-1.00000000,0.03448276,0.06896552,0.89655173,0.95081967,-1.00000000,0.16666667,0.00000000,0.83333331,0.98360658,0.00000000,0.10443527,-0.09836066,-0.03278688,1.67213118,-5.00000000,-12.00000000,ROJA
2026-10-02T23:31:02,-1.00000000,0.03703704,0.53703701,0.42592594,1.00000000,-1.00000000,0.03703704,0.00000000,0.96296299,1.00000000,-1.00000000,0.03703704,0.00000000,0.96296299,1.00000000,-1.00000000,0.03703704,0.53703701,0.42592594,1.00000000,-1.00000000,0.03703704,0.00000000,0.96296299,1.00000000,-1.00000000,0.03703704,0.00000000,0.96296299,1.00000000,-1.00000000,0.03703704,0.00000000,0.96296299,1.00000000,-1.00000000,0.03703704,0.00000000,0.96296299,1.00000000,-1.00000000,0.03703704,0.00000000,0.96296299,1.00000000,-1.00000000,0.03703704,0.00000000,0.96296299,1.00000000,-1.00000000,0.03703704,0.00000000,0.96296299,1.00000000,-1.00000000,0.03773585,0.03773585,0.92452830,0.98148149,0.00000000,0.03709527,-0.05555556,-0.05555556,0.48148149,-5.00000000,-12.00000000,ROJA
2026-10-02T23:32:04,-1.00000000,0.80000001,0.20000000,0.00000000,0.06024097,-1.00000000,0.04716981,0.00000000,0.95283020,1.27710843,-1.00000000,0.04716981,0.00000000,0.95283020,1.27710843,-1.00000000,0.04716981,0.00000000,0.95283020,1.27710843,-1.00000000,1.00000000,0.00000000,0.00000000,0.06024097,-1.00000000,0.08771930,0.00000000,0.91228068,0.68674701,-1.00000000,0.06024097,0.62650603,0.31325302,1.00000000,-1.00000000,0.06024097,0.62650603,0.31325302,1.00000000,-1.00000000,0.06024097,0.62650603,0.31325302,1.00000000,-1.00000000,0.06024097,0.00000000,0.93975902,1.00000000,-1.00000000,0.06024097,0.00000000,0.93975902,1.00000000,-1.00000000,0.06250000,0.28749999,0.64999998,0.96385545,0.00000000,0.19941112,0.31325302,0.31325302,-0.31325302,-5.00000000,-12.00000000,ROJA
2026-10-02T23:33:00,-1.00000000,0.80000001,0.20000000,0.00000000,0.06024097,-1.00000000,0.04716981,0.00000000,0.95283020,1.27710843,-1.00000000,0.04716981,0.00000000,0.95283020,1.27710843,-1.00000000,0.04716981,0.00000000,0.95283020,1.27710843,-1.00000000,1.00000000,0.00000000,0.00000000,0.06024097,-1.00000000,0.08771930,0.00000000,0.91228068,0.68674701,-1.00000000,0.06024097,0.62650603,0.31325302,1.00000000,-1.00000000,0.06024097,0.62650603,0.31325302,1.00000000,-1.00000000,0.06024097,0.62650603,0.31325302,1.00000000,-1.00000000,0.06024097,0.00000000,0.93975902,1.00000000,-1.00000000,0.06024097,0.00000000,0.93975902,1.00000000,-1.00000000,0.06250000,0.28749999,0.64999998,0.96385545,0.00000000,0.19941112,0.31325302,0.31325302,-0.31325302,-5.00000000,-12.00000000,ROJA
2026-10-02T23:34:01,-1.00000000,0.03809524,0.96190476,0.00000000,1.84210527,-1.00000000,0.03960396,0.96039605,0.00000000,1.77192986,-1.00000000,0.02061856,0.94845361,0.03092784,1.70175433,-1.00000000,0.14285715,0.64285713,0.21428572,0.24561404,-1.00000000,0.23529412,0.76470590,0.00000000,0.29824561,-1.00000000,0.02020202,0.94949496,0.03030303,1.73684216,-1.00000000,0.33333334,0.66666669,0.00000000,0.21052632,-1.00000000,0.03921569,0.96078432,0.00000000,1.78947365,-1.00000000,0.01960784,0.95098037,0.02941176,1.78947365,-1.00000000,0.28571430,0.71428573,0.00000000,0.24561404,-1.00000000,0.14285715,0.64285713,0.21428572,0.24561404,-1.00000000,0.36363637,0.63636363,0.00000000,0.19298245,0.00000000,0.14008631,-0.03508772,0.01754386,0.01754386,-5.00000000,-12.00000000,ROJA
2026-10-02T23:35:01,-1.00000000,0.03623188,0.96376812,0.00000000,1.13580251,-1.00000000,0.08928572,0.91071427,0.00000000,0.46090534,-1.00000000,0.03267974,0.96732026,0.00000000,1.25925922,-1.00000000,0.03623188,0.65942031,0.30434781,1.13580251,-1.00000000,0.09433962,0.90566039,0.00000000,0.43621400,-1.00000000,0.03623188,0.65942031,0.30434781,1.13580251,-1.00000000,0.11538462,0.88461536,0.00000000,0.42798355,-1.00000000,0.05882353,0.85294116,0.08823530,0.27983540,-1.00000000,0.03597122,0.95683455,0.00719424,1.14403296,-1.00000000,0.01785714,0.74107140,0.24107143,0.92181069,-1.00000000,0.01526718,0.67175573,0.31297711,1.07818925,-1.00000000,0.04166667,0.50000000,0.45833334,0.39506173,0.00000000,0.05083092,0.15637860,0.23045267,0.23045267,-5.00000000,-12.00000000,ROJA
2026-10-02T23:38:00,-1.00000000,0.07042254,0.00000000,0.92957747,0.46710527,-1.00000000,0.02380952,0.88690478,0.08928572,1.10526311,-1.00000000,0.03311258,0.60264903,0.36423841,0.99342108,-1.00000000,0.02614379,0.59477127,0.37908497,1.00657892,-1.00000000,0.09230769,0.70769233,0.20000000,0.42763159,-1.00000000,0.09090909,0.90909094,0.00000000,0.36184210,-1.00000000,0.05263158,0.82894737,0.11842106,0.50000000,-1.00000000,0.02380952,0.97023809,0.00595238,1.10526311,-1.00000000,0.02439024,0.96951222,0.00609756,1.07894742,-1.00000000,0.01250000,0.96875000,0.01875000,1.05263162,-1.00000000,0.02816901,0.92957747,0.04225352,0.46710527,-1.00000000,0.02531646,0.97468352,0.00000000,1.03947365,0.00000000,0.04196017,0.00000000,-0.05263158,-0.46710527,-5.00000000,-12.00000000,ROJA
2026-10-02T23:39:01,-1.00000000,0.00852273,0.01988636,0.97159094,5.17647076,-1.00000000,0.00574713,0.17816092,0.81609195,5.11764717,-1.00000000,0.01470588,0.60294116,0.38235295,1.00000000,-1.00000000,0.01126761,0.01408451,0.97464788,5.22058821,-1.00000000,0.01719198,0.98280799,0.00000000,5.13235283,-1.00000000,0.01719198,0.00000000,0.98280799,5.13235283,-1.00000000,0.01470588,0.01470588,0.97058821,1.00000000,-1.00000000,0.04444445,0.00000000,0.95555556,0.66176468,-1.00000000,0.08888889,0.88888890,0.02222222,0.66176468,-1.00000000,0.08510638,0.87234044,0.04255319,0.69117647,-1.00000000,0.08695652,0.13043478,0.78260869,0.33823529,-1.00000000,0.10638298,0.04255319,0.85106385,0.69117647,0.00000000,0.04175937,0.55882353,-0.08823530,-0.01470588,-5.00000000,-12.00000000,ROJA
2026-10-02T23:56:01,-1.00000000,0.38311687,0.00324675,0.61363637,3.60233927,1.00000000,0.05990783,0.06912442,0.87096775,2.53801179,-1.00000000,0.12682927,0.01463415,0.85853660,2.39766073,-1.00000000,0.62921351,0.00561798,0.36516854,2.08187127,-1.00000000,0.07352941,0.01470588,0.91176468,0.79532164,-1.00000000,0.15625000,0.01562500,0.82812500,0.74853802,1.00000000,0.15873016,0.00000000,0.84126985,0.73684210,1.00000000,0.09278350,0.27835050,0.62886596,1.13450289,-1.00000000,0.08403362,0.00000000,0.91596639,1.39181292,-1.00000000,0.58108109,0.00000000,0.41891891,0.86549705,-1.00000000,0.09090909,0.04545455,0.86363637,0.25730994,-1.00000000,0.95238096,0.04761905,0.00000000,0.24561404,0.25000000,0.28239712,-0.70175439,-0.72514617,-2.21052623,-3.00000000,-4.00000000,ROJA
2026-10-02T23:57:00,-1.00000000,0.36893204,0.00323625,0.62783170,3.39560437,1.00000000,0.06334842,0.06334842,0.87330317,2.42857146,-1.00000000,0.12440191,0.00956938,0.86602873,2.29670334,-1.00000000,0.59562844,0.00000000,0.40437159,2.01098895,-1.00000000,0.06493507,0.01298701,0.92207789,0.84615386,-1.00000000,0.13513513,0.02702703,0.83783782,0.81318682,1.00000000,0.13888890,0.00000000,0.86111110,0.79120880,1.00000000,0.08571429,0.24761905,0.66666669,1.15384614,-1.00000000,0.08695652,0.00000000,0.91304350,1.26373625,-1.00000000,0.57746476,0.00000000,0.42253521,0.78021979,-1.00000000,0.67741936,0.00000000,0.32258064,0.34065935,-1.00000000,0.85714287,0.14285715,0.00000000,0.15384616,0.25000000,0.31466398,-0.76923078,-0.79120880,-2.14285707,-3.00000000,-4.00000000,ROJA
2026-10-02T23:58:00,-1.00000000,0.08936170,0.00851064,0.90212768,1.86507940,-1.00000000,0.40654206,0.00000000,0.59345794,1.69841266,-1.00000000,0.03846154,0.00769231,0.95384616,1.03174603,-1.00000000,0.07086615,0.00787402,0.92125982,1.00793648,1.00000000,0.06400000,0.00000000,0.93599999,0.99206346,1.00000000,0.05263158,0.13815789,0.80921054,1.20634925,-1.00000000,0.06106870,0.00000000,0.93893129,1.03968251,-1.00000000,0.26400000,0.00800000,0.72799999,0.99206346,-1.00000000,0.02127660,0.01063830,0.96808511,0.74603176,-1.00000000,0.18279570,0.01075269,0.80645162,0.73809522,-1.00000000,0.14102565,0.01282051,0.84615386,0.61904764,-1.00000000,0.98571426,0.01428571,0.00000000,0.55555558,0.16666667,0.19814533,-0.73015875,-0.98412699,-1.69047618,-5.00000000,-6.00000000,ROJA
2026-10-02T23:59:01,-1.00000000,0.07818930,0.00823045,0.91358024,1.70526314,-1.00000000,0.35714287,0.00446429,0.63839287,1.57192981,-1.00000000,0.02739726,0.00684932,0.96575344,1.02456141,-1.00000000,0.05594406,0.00699301,0.93706292,1.00350881,1.00000000,0.05633803,0.00000000,0.94366199,0.99649125,1.00000000,0.04216867,0.11445783,0.84337348,1.16491222,-1.00000000,0.05442177,0.00000000,0.94557822,1.03157890,-1.00000000,0.21830986,0.00704225,0.77464789,0.99649125,-1.00000000,0.14285715,0.00000000,0.85714287,0.78596491,-1.00000000,0.09183674,0.01020408,0.89795917,0.68771929,-1.00000000,0.69999999,0.01111111,0.28888890,0.63157892,-1.00000000,0.96428573,0.03571429,0.00000000,0.19649123,0.16666667,0.23240761,-0.67368424,-0.97543859,-1.55789471,-5.00000000,-6.00000000,ROJA
2026-10-03T00:00:18,-1.00000000,0.33628318,0.00000000,0.66371679,1.52702701,-1.00000000,0.02631579,0.00657895,0.96710527,1.02702701,-1.00000000,0.05369128,0.00000000,0.94630873,1.00675678,1.00000000,0.04729730,0.00000000,0.95270270,1.00000000,1.00000000,0.04069768,0.11046512,0.84883720,1.16216218,-1.00000000,0.04575163,0.00000000,0.95424837,1.03378379,-1.00000000,0.19594595,0.00675676,0.79729730,1.00000000,-1.00000000,0.12500000,0.00833333,0.86666667,0.81081080,-1.00000000,0.08411215,0.01869159,0.89719623,0.72297299,-1.00000000,0.61224490,0.00000000,0.38775510,0.66216218,-1.00000000,0.66666669,0.00000000,0.33333334,0.26351351,-1.00000000,0.93750000,0.06250000,0.00000000,0.10810811,0.16666667,0.26429221,-0.65540540,-0.80405408,-1.02027023,-5.00000000,-7.00000000,ROJA
2026-10-03T00:08:01,-1.00000000,0.13450292,0.00584795,0.85964912,1.74489796,-1.00000000,0.08783784,0.00000000,0.91216218,1.51020408,-1.00000000,0.05839416,0.00000000,0.94160587,1.39795923,-1.00000000,0.37404579,0.00000000,0.62595421,1.33673465,-1.00000000,0.26190478,0.00000000,0.73809522,0.85714287,-1.00000000,0.25000000,0.00000000,0.75000000,0.65306121,1.00000000,0.07547170,0.01886792,0.90566039,0.54081631,1.00000000,0.47959185,0.01020408,0.51020408,1.00000000,-1.00000000,0.11224490,0.01020408,0.87755102,1.00000000,-1.00000000,0.30337077,0.02247191,0.67415732,0.90816325,-1.00000000,0.65048546,0.00000000,0.34951457,1.05102038,1.00000000,0.77777779,0.11111111,0.11111111,0.09183674,0.25000000,0.29713565,-0.87755102,-0.52040815,-1.50000000,-1.00000000,1.00000000,VERDE
2026-10-03T00:09:01,-1.00000000,0.13953489,0.00581395,0.85465115,1.75510204,-1.00000000,0.08724833,0.00000000,0.91275167,1.52040815,-1.00000000,0.05072464,0.00724638,0.94202900,1.40816331,-1.00000000,0.37404579,0.00000000,0.62595421,1.33673465,-1.00000000,0.25000000,0.01190476,0.73809522,0.85714287,-1.00000000,0.25396827,0.00000000,0.74603176,0.64285713,1.00000000,0.07692308,0.01923077,0.90384614,0.53061223,1.00000000,0.48979592,0.01020408,0.50000000,1.00000000,-1.00000000,0.11224490,0.01020408,0.87755102,1.00000000,-1.00000000,0.31818181,0.01136364,0.67045456,0.89795917,-1.00000000,0.65094340,0.00000000,0.34905660,1.08163261,1.00000000,1.00000000,0.00000000,0.00000000,0.09183674,0.25000000,0.31696758,-0.87755102,-0.51020408,-1.50000000,-1.00000000,1.00000000,ROJA
2026-10-03T00:10:00,-1.00000000,0.19631901,0.00000000,0.80368096,1.19852936,-1.00000000,0.01503759,0.00000000,0.98496240,0.97794116,1.00000000,0.02238806,0.00746269,0.97014928,0.98529410,1.00000000,0.05072464,0.00000000,0.94927537,1.01470590,1.00000000,0.41880342,0.00000000,0.58119661,1.72058821,-1.00000000,0.09787234,0.00425532,0.89787233,1.72794116,-1.00000000,0.26511627,0.00930233,0.72558141,1.58088231,-1.00000000,0.89171976,0.00000000,0.10828026,1.15441179,1.00000000,0.45161289,0.00000000,0.54838711,0.22794117,1.00000000,0.45161289,0.00000000,0.54838711,0.22794117,-1.00000000,1.00000000,0.00000000,0.00000000,0.25000000,-1.00000000,1.00000000,0.00000000,0.00000000,0.25000000,0.41666666,0.40510058,-0.22058824,-1.14705884,-0.96323532,-1.00000000,-2.00000000,VERDE
2026-10-03T00:15:00,1.00000000,1.00000000,0.00000000,0.00000000,0.66438359,-1.00000000,0.85795456,0.03977273,0.10227273,1.20547950,1.00000000,0.59649122,0.25730994,0.14619882,1.17123282,1.00000000,0.39361703,0.12765957,0.47872341,0.64383560,1.00000000,0.95731705,0.00000000,0.04268293,1.12328768,-1.00000000,0.34615386,0.12179487,0.53205127,1.06849313,1.00000000,0.39743590,0.07051282,0.53205127,1.06849313,-1.00000000,0.81410259,0.07051282,0.11538462,1.06849313,1.00000000,0.11029412,0.69117647,0.19852941,0.93150687,-1.00000000,0.31451613,0.25806451,0.42741936,0.84931505,-1.00000000,0.88235295,0.05882353,0.05882353,0.11643836,1.00000000,1.00000000,0.00000000,0.00000000,0.19863014,0.58333331,0.63918626,-0.18493150,-0.89041096,0.00000000,-1.00000000,1.00000000,ROJA
2026-10-03T00:20:00,-1.00000000,1.00000000,0.00000000,0.00000000,1.00000000,1.00000000,0.12403101,0.84496123,0.03100775,0.94852942,-1.00000000,0.24390244,0.68292683,0.07317073,1.20588231,1.00000000,1.00000000,0.00000000,0.00000000,1.25735295,1.00000000,0.85074627,0.09950249,0.04975124,1.47794116,-1.00000000,1.00000000,0.00000000,0.00000000,0.64705884,-1.00000000,1.00000000,0.00000000,0.00000000,0.64705884,-1.00000000,0.30463576,0.51655626,0.17880794,1.11029410,-1.00000000,0.37096775,0.62903225,0.00000000,0.91176468,1.00000000,0.42957747,0.45070422,0.11971831,1.04411769,1.00000000,0.98591548,0.01408451,0.00000000,0.52205884,1.00000000,0.54411763,0.25735295,0.19852941,1.00000000,0.50000000,0.65449113,0.94117647,0.54411763,1.01470590,1.00000000,3.00000000,VERDE
2026-10-03T00:21:02,-1.00000000,0.39130434,0.50434780,0.10434783,1.05990779,1.00000000,0.43200001,0.36000001,0.20800000,1.15207374,-1.00000000,0.80000001,0.12592593,0.07407407,1.24423969,1.00000000,0.13541667,0.83333331,0.03125000,0.88479263,-1.00000000,0.25203252,0.36585367,0.38211381,1.13364053,-1.00000000,0.51111114,0.48888889,0.00000000,1.24423969,-1.00000000,0.43373495,0.31325302,0.25301206,0.76497698,1.00000000,0.59756100,0.23170732,0.17073171,0.75576037,1.00000000,0.55555558,0.25000000,0.19444445,0.99539173,-1.00000000,0.51376146,0.00000000,0.48623854,1.00460827,1.00000000,1.00000000,0.00000000,0.00000000,0.26728112,1.00000000,1.00000000,0.00000000,0.00000000,0.26728112,0.50000000,0.55187315,-0.32258064,0.61751151,0.18433180,3.00000000,2.00000000,ROJA
2026-10-03T00:24:46,1.00000000,0.42276424,0.36585367,0.21138212,1.15492952,-1.00000000,0.80303031,0.12121212,0.07575758,1.23943663,1.00000000,0.13829787,0.82978725,0.03191489,0.88262910,-1.00000000,0.20945945,0.47972974,0.31081080,1.38967133,-1.00000000,0.48920864,0.51079136,0.00000000,1.30516434,-1.00000000,0.34653464,0.44554454,0.20792079,0.94835681,1.00000000,0.44444445,0.43518519,0.12037037,1.01408446,1.00000000,0.38679245,0.41509435,0.19811320,0.99530518,-1.00000000,0.10280374,0.22429906,0.67289722,1.00469482,-1.00000000,0.29885057,0.54022986,0.16091955,0.81690139,-1.00000000,0.68292683,0.31707317,0.00000000,0.38497654,-1.00000000,0.68292683,0.31707317,0.00000000,0.38497654,0.33333334,0.41733667,-0.30985916,-0.06572770,-0.53521127,-3.00000000,-4.00000000,ROJA
2026-10-03T00:25:23,-1.00000000,1.00000000,0.00000000,0.00000000,0.99547511,-1.00000000,0.79710144,0.13043478,0.07246377,1.24886882,-1.00000000,0.19512194,0.51219511,0.29268292,1.48416293,1.00000000,0.00719424,0.15107913,0.84172660,1.25791860,-1.00000000,0.51798558,0.48201439,0.00000000,1.25791860,-1.00000000,0.32173914,0.48695651,0.19130434,1.04072404,1.00000000,0.45370370,0.41666666,0.12962963,0.97737557,1.00000000,0.54545456,0.25454545,0.20000000,0.99547511,-1.00000000,0.32432431,0.00000000,0.67567569,1.00452495,-1.00000000,0.11627907,0.56976742,0.31395349,0.77828056,1.00000000,0.35211268,0.15492958,0.49295774,0.64253396,-1.00000000,1.00000000,0.00000000,0.00000000,0.25339368,0.33333334,0.46925139,0.03619910,0.28959277,0.79638010,-1.00000000,-1.00000000,ROJA
2026-10-03T00:29:01,-1.00000000,0.08154506,0.79399139,0.12446352,1.32763529,1.00000000,0.38604650,0.57209301,0.04186046,1.22507119,-1.00000000,0.25454545,0.74545455,0.00000000,0.94017094,-1.00000000,0.10784314,0.82843137,0.06372549,1.16239321,1.00000000,0.15500000,0.80500001,0.04000000,1.13960111,1.00000000,0.20786516,0.71910113,0.07303371,1.01424503,1.00000000,0.14285715,0.62857145,0.22857143,0.99715102,1.00000000,0.40909091,0.58181816,0.00909091,0.62678063,1.00000000,0.40909091,0.58181816,0.00909091,0.62678063,-1.00000000,0.54032260,0.45161289,0.00806452,0.70655268,-1.00000000,0.35795453,0.57386363,0.06818182,1.00284898,1.00000000,0.65497077,0.33333334,0.01169591,0.97435898,0.58333331,0.30892769,0.03988604,0.30199429,0.83190882,1.00000000,1.00000000,ROJA
2026-10-03T00:30:01,1.00000000,0.30414745,0.65898615,0.03686636,1.17297292,-1.00000000,0.19209039,0.80790961,0.00000000,0.95675677,-1.00000000,0.08653846,0.86538464,0.04807692,1.12432432,1.00000000,0.11707317,0.84878051,0.03414634,1.10810816,1.00000000,0.15425532,0.78723407,0.05851064,1.01621616,-1.00000000,0.08585858,0.73232323,0.18181819,1.07027030,-1.00000000,0.03370786,0.89887643,0.06741573,0.96216214,1.00000000,0.06593407,0.84065932,0.09340660,0.98378378,1.00000000,0.10810811,0.71891892,0.17297298,1.00000000,1.00000000,0.25174826,0.67832166,0.06993007,0.77297300,-1.00000000,0.20833333,0.66666669,0.12500000,0.77837837,-1.00000000,0.27027026,0.68108106,0.04864865,1.00000000,0.50000000,0.15650544,-0.22702703,-0.05405406,-0.17297298,1.00000000,-2.00000000,VERDE
2026-10-03T00:31:00,1.00000000,0.11483254,0.85167462,0.03349282,1.11466670,1.00000000,0.15706806,0.79057592,0.05235602,1.01866663,-1.00000000,0.08955224,0.73631841,0.17412935,1.07200003,-1.00000000,0.02747253,0.90109891,0.07142857,0.97066665,1.00000000,0.06989247,0.83870965,0.09139785,0.99199998,1.00000000,0.11111111,0.71957672,0.16931216,1.00800002,1.00000000,0.24657534,0.68493152,0.06849315,0.77866668,-1.00000000,0.20408164,0.67346936,0.12244898,0.78399998,-1.00000000,0.26455027,0.68253970,0.05291005,1.00800002,1.00000000,0.45641026,0.52820516,0.01538462,1.03999996,1.00000000,0.38738739,0.56756759,0.04504504,0.59200001,1.00000000,0.68918920,0.20270270,0.10810811,0.39466667,0.66666669,0.23484358,0.91733330,0.50133336,0.91733330,1.00000000,3.00000000,ROJA
2026-10-03T00:32:00,-1.00000000,0.09183674,0.72448981,0.18367347,1.23659301,-1.00000000,0.02840909,0.89772725,0.07386363,1.11041009,1.00000000,0.07222223,0.83333331,0.09444445,1.13564670,1.00000000,0.11413044,0.70652175,0.17934783,1.16088331,1.00000000,0.27142859,0.65714288,0.07142857,0.88328075,-1.00000000,0.21276596,0.65248227,0.13475177,0.88958991,-1.00000000,0.27717391,0.66847825,0.05434782,1.16088331,1.00000000,0.45273632,0.53731346,0.00995025,1.26813877,1.00000000,0.37500000,0.58333331,0.04166667,0.75709778,1.00000000,0.87951809,0.01204819,0.10843374,0.52365929,1.00000000,0.23913044,0.26086956,0.50000000,0.29022083,-1.00000000,0.88636363,0.11363637,0.00000000,0.27760252,0.58333331,0.32505962,0.13880126,0.94637221,0.85804415,3.00000000,-1.00000000,VERDE
2026-10-03T00:33:00,-1.00000000,0.03333334,0.89444447,0.07222223,1.25435543,1.00000000,0.07065217,0.83695650,0.09239130,1.28223002,1.00000000,0.11170213,0.70744681,0.18085106,1.31010449,1.00000000,0.26573426,0.66433567,0.06993007,0.99651569,-1.00000000,0.21527778,0.65277779,0.13194445,1.00348437,-1.00000000,0.28191489,0.66489363,0.05319149,1.31010449,1.00000000,0.45365855,0.53658539,0.00975610,1.42857146,1.00000000,0.36885247,0.59016395,0.04098361,0.85017419,1.00000000,0.88095236,0.01190476,0.10714286,0.58536583,1.00000000,0.25531915,0.25531915,0.48936170,0.32752612,-1.00000000,0.89130437,0.10869565,0.00000000,0.32055750,1.00000000,0.61666667,0.00000000,0.38333333,0.41811848,0.66666669,0.37044734,-0.09059233,0.70383275,1.24041808,3.00000000,1.00000000,VERDE
2026-10-03T00:34:02,1.00000000,0.07100592,0.83431953,0.09467456,1.37959182,1.00000000,0.11627907,0.70348835,0.18023255,1.40408158,1.00000000,0.26717559,0.65648854,0.07633588,1.06938779,-1.00000000,0.21212122,0.65151513,0.13636364,1.07755101,-1.00000000,0.27906978,0.66860467,0.05232558,1.40408158,1.00000000,0.44736841,0.53684211,0.01578947,1.55102038,1.00000000,0.35964912,0.59649122,0.04385965,0.93061227,1.00000000,0.88461536,0.01282051,0.10256410,0.63673466,1.00000000,0.44186047,0.25581396,0.30232558,0.35102040,-1.00000000,0.90476191,0.09523810,0.00000000,0.34285715,1.00000000,0.62068963,0.01724138,0.36206895,0.47346938,1.00000000,0.48837209,0.18604651,0.32558140,0.35102040,0.75000000,0.42441404,0.13061224,0.60408163,1.40408158,3.00000000,2.00000000,ROJA
2026-10-03T00:35:02,1.00000000,0.11173184,0.70949721,0.17877094,1.79899502,1.00000000,0.27205881,0.66176468,0.06617647,1.36683416,-1.00000000,0.21739130,0.65217394,0.13043478,1.38693464,-1.00000000,0.27932960,0.67039108,0.05027933,1.79899502,1.00000000,0.45177665,0.53807104,0.01015228,1.97989953,1.00000000,0.36440679,0.59322035,0.04237288,1.18592966,1.00000000,0.90123457,0.00000000,0.09876543,0.81407034,1.00000000,0.44444445,0.24444444,0.31111112,0.45226130,-1.00000000,0.90697676,0.09302326,0.00000000,0.43216079,1.00000000,0.61666667,0.01666667,0.36666667,0.60301507,1.00000000,0.35555556,0.33333334,0.31111112,0.45226130,-1.00000000,0.91044778,0.04477612,0.04477612,0.67336684,0.66666669,0.48600173,-0.13065326,-0.62311560,0.90452260,1.00000000,-1.00000000,VERDE
2026-10-03T00:36:01,1.00000000,0.26623377,0.66233766,0.07142857,1.85542166,-1.00000000,0.21153846,0.65384614,0.13461539,1.87951803,-1.00000000,0.28078818,0.66502464,0.05418719,2.44578314,1.00000000,0.45909092,0.53181821,0.00909091,2.65060234,1.00000000,0.37984496,0.58139533,0.03875969,1.55421686,1.00000000,0.85714287,0.04395605,0.09890110,1.09638560,1.00000000,0.23529412,0.25490198,0.50980395,0.61445785,-1.00000000,0.89999998,0.10000000,0.00000000,0.60240966,1.00000000,0.60869563,0.01449275,0.37681159,0.83132529,1.00000000,0.37254903,0.31372550,0.31372550,0.61445785,-1.00000000,0.88000000,0.04000000,0.08000000,0.90361446,1.00000000,0.27397260,0.27397260,0.45205480,0.87951809,0.66666669,0.47709587,-0.43373495,-0.46987951,0.98795182,1.00000000,1.00000000,ROJA
2026-10-03T00:37:01,-1.00000000,0.21052632,0.65131581,0.13815789,2.11111116,-1.00000000,0.27918783,0.67005074,0.05076142,2.73611116,1.00000000,0.45794392,0.53271025,0.00934579,2.97222233,1.00000000,0.37301588,0.58730161,0.03968254,1.75000000,1.00000000,0.86516851,0.03370786,0.10112359,1.23611116,1.00000000,0.24489796,0.24489796,0.51020408,0.68055558,-1.00000000,0.89583331,0.10416666,0.00000000,0.66666669,1.00000000,0.62121212,0.01515152,0.36363637,0.91666669,1.00000000,0.34693879,0.32653061,0.32653061,0.68055558,-1.00000000,0.87671232,0.04109589,0.08219178,1.01388884,1.00000000,0.36619717,0.19718310,0.43661973,0.98611110,-1.00000000,0.24590164,0.24590164,0.50819671,0.84722221,0.58333331,0.48196131,-0.80555558,-0.04166667,1.40277779,1.00000000,-1.00000000,VERDE
2026-10-03T00:38:01,-1.00000000,0.27868852,0.66666669,0.05464481,2.79389310,1.00000000,0.44776121,0.53731346,0.01492537,3.06870222,1.00000000,0.36666667,0.59166664,0.04166667,1.83206105,1.00000000,0.89024389,0.00000000,0.10975610,1.25190842,1.00000000,0.43478259,0.26086956,0.30434781,0.70229006,-1.00000000,0.88888890,0.11111111,0.00000000,0.68702292,1.00000000,0.60655737,0.01639344,0.37704918,0.93129772,1.00000000,0.36956522,0.32608697,0.30434781,0.70229006,-1.00000000,0.89552242,0.02985075,0.07462686,1.02290082,1.00000000,0.34848484,0.21212122,0.43939394,1.00763357,-1.00000000,0.38596490,0.24561404,0.36842105,0.87022901,1.00000000,0.78461540,0.04615385,0.16923077,0.99236643,0.66666669,0.55814517,0.76335877,0.03053435,2.85496187,1.00000000,1.00000000,VERDE
2026-10-03T00:39:00,1.00000000,0.44692737,0.54189944,0.01117318,3.08620691,1.00000000,0.36111110,0.60185188,0.03703704,1.86206901,1.00000000,0.89333332,0.01333333,0.09333333,1.29310346,1.00000000,0.46341464,0.24390244,0.29268292,0.70689654,-1.00000000,0.89743590,0.10256410,0.00000000,0.67241377,1.00000000,0.60000002,0.01818182,0.38181818,0.94827586,1.00000000,0.36585367,0.31707317,0.31707317,0.70689654,-1.00000000,0.88135594,0.03389831,0.08474576,1.01724136,1.00000000,0.36206895,0.20689656,0.43103448,1.00000000,-1.00000000,0.40000001,0.23999999,0.36000001,0.86206895,1.00000000,0.81034482,0.03448276,0.15517241,1.00000000,1.00000000,0.54929578,0.02816901,0.42253521,1.22413790,0.75000000,0.58592844,1.12068963,0.50000000,2.22413802,1.00000000,2.00000000,ROJA
2026-10-03T00:40:00,1.00000000,0.35185185,0.60185188,0.04629629,1.87826085,1.00000000,0.88000000,0.01333333,0.10666667,1.30434787,1.00000000,0.43902439,0.26829270,0.29268292,0.71304345,-1.00000000,0.87179488,0.12820514,0.00000000,0.67826086,1.00000000,0.61111110,0.01851852,0.37037036,0.93913043,1.00000000,0.37500000,0.30000001,0.32499999,0.69565219,-1.00000000,0.88135594,0.03389831,0.08474576,1.02608693,1.00000000,0.36206895,0.20689656,0.43103448,1.00869560,-1.00000000,0.40000001,0.23999999,0.36000001,0.86956519,1.00000000,0.80701756,0.03508772,0.15789473,0.99130434,1.00000000,0.58571428,0.00000000,0.41428572,1.21739125,-1.00000000,0.13793103,0.06896552,0.79310346,1.00869560,0.66666669,0.55857247,1.33913040,1.32173908,1.49565220,1.00000000,-1.00000000,VERDE
2026-10-03T00:41:01,1.00000000,0.87671232,0.01369863,0.10958904,1.32727277,1.00000000,0.46153846,0.25641027,0.28205130,0.70909089,-1.00000000,0.89189190,0.10810811,0.00000000,0.67272729,1.00000000,0.61538464,0.01923077,0.36538461,0.94545454,1.00000000,0.36842105,0.31578946,0.31578946,0.69090909,-1.00000000,0.87719297,0.03508772,0.08771930,1.03636360,1.00000000,0.36363637,0.20000000,0.43636364,1.00000000,-1.00000000,0.40425533,0.23404256,0.36170211,0.85454547,1.00000000,0.80000001,0.03636364,0.16363636,1.00000000,1.00000000,0.58823532,0.00000000,0.41176471,1.23636365,-1.00000000,0.10714286,0.05357143,0.83928573,1.01818180,1.00000000,0.13235295,0.19117647,0.67647058,1.23636365,0.66666669,0.54056370,0.72727275,1.18181813,0.54545456,1.00000000,1.00000000,VERDE
2026-10-03T00:42:01,1.00000000,0.89189190,0.01351351,0.09459460,1.30973446,1.00000000,0.44999999,0.25000000,0.30000001,0.70796460,-1.00000000,0.87179488,0.12820514,0.00000000,0.69026548,1.00000000,0.61111110,0.01851852,0.37037036,0.95575219,1.00000000,0.34999999,0.32499999,0.32499999,0.70796460,-1.00000000,0.88135594,0.03389831,0.08474576,1.04424775,1.00000000,0.35087720,0.21052632,0.43859649,1.00884950,-1.00000000,0.38775510,0.24489796,0.36734694,0.86725664,1.00000000,0.82142860,0.03571429,0.14285715,0.99115044,1.00000000,0.58571428,0.00000000,0.41428572,1.23893809,-1.00000000,0.10526316,0.05263158,0.84210527,1.00884950,1.00000000,0.15714286,0.17142858,0.67142856,1.23893809,0.66666669,0.53869456,0.76106197,1.22123897,0.58407080,1.00000000,1.00000000,VERDE
2026-10-03T00:43:00,1.00000000,0.88311690,0.01298701,0.10389610,1.29411769,1.00000000,0.45238096,0.26190478,0.28571430,0.70588237,-1.00000000,0.87804878,0.12195122,0.00000000,0.68907565,1.00000000,0.61403507,0.01754386,0.36842105,0.95798320,1.00000000,0.38095239,0.30952382,0.30952382,0.70588237,-1.00000000,0.87096775,0.03225806,0.09677419,1.04201686,1.00000000,0.36666667,0.20000000,0.43333334,1.00840342,-1.00000000,0.40384614,0.23076923,0.36538461,0.87394959,1.00000000,0.81355929,0.03389831,0.15254237,0.99159664,1.00000000,0.58108109,0.00000000,0.41891891,1.24369752,-1.00000000,0.09836066,0.06557377,0.83606559,1.02521014,1.00000000,0.14864865,0.17567568,0.67567569,1.24369752,0.66666669,0.54097205,0.75630254,1.21008408,0.60504204,1.00000000,1.00000000,VERDE
2026-10-03T00:44:02,1.00000000,0.90243900,0.00000000,0.09756097,1.24242425,1.00000000,0.43478259,0.26086956,0.30434781,0.69696969,-1.00000000,0.88888890,0.11111111,0.00000000,0.68181819,1.00000000,0.61290324,0.01612903,0.37096775,0.93939394,1.00000000,0.36956522,0.32608697,0.30434781,0.69696969,-1.00000000,0.86956519,0.04347826,0.08695652,1.04545450,1.00000000,0.34848484,0.21212122,0.43939394,1.00000000,-1.00000000,0.38596490,0.24561404,0.36842105,0.86363637,1.00000000,0.80303031,0.03030303,0.16666667,1.00000000,1.00000000,0.58024693,0.00000000,0.41975307,1.22727275,-1.00000000,0.09090909,0.06060606,0.84848487,1.00000000,1.00000000,0.16455697,0.15189873,0.68354428,1.19696975,0.66666669,0.53761142,0.74242425,1.21212125,0.62121212,1.00000000,1.00000000,VERDE
2026-10-03T00:45:02,1.00000000,0.90243900,0.00000000,0.09756097,1.24242425,1.00000000,0.43478259,0.26086956,0.30434781,0.69696969,-1.00000000,0.88888890,0.11111111,0.00000000,0.68181819,1.00000000,0.61290324,0.01612903,0.37096775,0.93939394,1.00000000,0.36956522,0.32608697,0.30434781,0.69696969,-1.00000000,0.86956519,0.04347826,0.08695652,1.04545450,1.00000000,0.34848484,0.21212122,0.43939394,1.00000000,-1.00000000,0.38596490,0.24561404,0.36842105,0.86363637,1.00000000,0.80303031,0.03030303,0.16666667,1.00000000,1.00000000,0.58024693,0.00000000,0.41975307,1.22727275,-1.00000000,0.09090909,0.06060606,0.84848487,1.00000000,1.00000000,0.16455697,0.15189873,0.68354428,1.19696975,0.66666669,0.53761142,0.74242425,1.21212125,0.62121212,1.00000000,1.00000000,ROJA
2026-10-03T00:47:01,-1.00000000,0.89010990,0.03296703,0.07692308,1.02247190,1.00000000,0.45833334,0.00000000,0.54166669,0.80898875,-1.00000000,0.46969697,0.10606061,0.42424244,0.74157304,1.00000000,0.80459768,0.03448276,0.16091955,0.97752810,1.00000000,0.57798165,0.00000000,0.42201835,1.22471905,-1.00000000,0.07476635,0.05607476,0.86915886,1.20224714,1.00000000,0.12903225,0.13709678,0.73387098,1.39325845,-1.00000000,0.63551402,0.01869159,0.34579438,1.20224714,-1.00000000,0.66666669,0.32478634,0.00854701,1.31460679,1.00000000,0.40540540,0.13513513,0.45945945,0.83146065,-1.00000000,0.19047619,0.59523809,0.21428572,0.47191012,1.00000000,1.00000000,0.00000000,0.00000000,0.33707866,0.50000000,0.52521503,0.56179774,-1.05617976,0.47191012,-1.00000000,1.00000000,VERDE
2026-10-03T00:48:01,-1.00000000,0.40277779,0.20833333,0.38888890,0.82758623,1.00000000,0.80459768,0.03448276,0.16091955,1.00000000,1.00000000,0.57798165,0.00000000,0.42201835,1.25287354,-1.00000000,0.08510638,0.06382979,0.85106385,1.08045971,1.00000000,0.14414415,0.15315315,0.70270270,1.27586210,-1.00000000,0.72340423,0.02127660,0.25531915,1.08045971,-1.00000000,0.66101694,0.32203391,0.01694915,1.35632181,1.00000000,0.34482759,0.26436782,0.39080459,1.00000000,-1.00000000,0.19047619,0.59523809,0.21428572,0.48275861,1.00000000,0.65957445,0.02127660,0.31914893,0.54022986,-1.00000000,0.16279070,0.48837209,0.34883720,0.49425286,1.00000000,0.22222222,0.55555558,0.22222222,0.41379312,0.50000000,0.41490999,0.34482759,0.60919541,0.51724136,1.00000000,1.00000000,ROJA
2026-10-03T00:49:00,1.00000000,0.80459768,0.03448276,0.16091955,1.12987018,1.00000000,0.55263156,0.00000000,0.44736841,1.48051953,-1.00000000,0.06779661,0.05084746,0.88135594,1.53246748,1.00000000,0.11851852,0.12592593,0.75555557,1.75324678,-1.00000000,0.57627118,0.01694915,0.40677965,1.53246748,-1.00000000,0.66666669,0.32478634,0.00854701,1.51948047,1.00000000,0.44776121,0.04477612,0.50746268,0.87012988,-1.00000000,0.19047619,0.59523809,0.21428572,0.54545456,1.00000000,0.63829786,0.04255319,0.31914893,0.61038959,-1.00000000,0.15217391,0.45652175,0.39130434,0.59740257,1.00000000,0.12765957,0.44680852,0.42553192,0.61038959,-1.00000000,0.53333336,0.00000000,0.46666667,0.58441556,0.50000000,0.40634871,-0.29870129,-0.01298701,-0.64935064,-1.00000000,-1.00000000,VERDE
2026-10-03T00:52:02,1.00000000,0.56250000,0.00000000,0.43750000,1.62318838,-1.00000000,0.06896552,0.05172414,0.87931037,1.68115938,1.00000000,0.12030075,0.12781955,0.75187969,1.92753625,-1.00000000,0.58620691,0.01724138,0.39655173,1.68115938,-1.00000000,0.66101694,0.32203391,0.01694915,1.71014488,1.00000000,0.39743590,0.16666667,0.43589744,1.13043475,-1.00000000,0.19047619,0.59523809,0.21428572,0.60869563,1.00000000,0.63829786,0.04255319,0.31914893,0.68115944,-1.00000000,0.16666667,0.34999999,0.48333332,0.86956519,1.00000000,0.10169491,0.35593221,0.54237288,0.85507244,-1.00000000,0.59459460,0.00000000,0.40540540,0.53623188,1.00000000,0.44444445,0.26666668,0.28888890,0.65217394,0.50000000,0.37771672,0.05797102,0.33333334,-1.36231887,1.00000000,1.00000000,VERDE
2026-10-03T00:53:00,-1.00000000,0.91176468,0.02941176,0.05882353,0.81437123,-1.00000000,0.66037738,0.32075471,0.01886792,1.26946104,1.00000000,0.22400001,0.52800000,0.24800000,1.49700594,-1.00000000,0.08750000,0.81250000,0.10000000,0.95808381,1.00000000,0.29885057,0.54022986,0.16091955,1.04191613,-1.00000000,0.10606061,0.68181819,0.21212122,0.79041916,1.00000000,0.10344828,0.77586210,0.12068965,0.69461077,-1.00000000,0.22727273,0.53409094,0.23863636,1.05389225,1.00000000,0.06250000,0.78750002,0.15000001,0.95808381,-1.00000000,0.03333334,0.71111113,0.25555557,1.07784426,1.00000000,0.56818181,0.20454545,0.22727273,1.05389225,1.00000000,0.46428570,0.39285713,0.14285715,0.67065871,0.50000000,0.31229794,0.80239522,0.58682632,0.33532935,1.00000000,2.00000000,VERDE
2026-10-03T00:54:01,1.00000000,0.24509804,0.30392158,0.45098040,0.47663552,-1.00000000,0.91525424,0.02542373,0.05932203,0.55140185,-1.00000000,0.52360517,0.45922747,0.01716738,1.08878505,1.00000000,0.16783217,0.64335662,0.18881118,1.33644855,-1.00000000,0.06250000,0.87019229,0.06730770,0.97196263,1.00000000,0.20909090,0.68181819,0.10909091,1.02803743,-1.00000000,0.06043956,0.81318682,0.12637363,0.85046726,1.00000000,0.05357143,0.87500000,0.07142857,0.78504676,-1.00000000,0.15384616,0.67873305,0.16742082,1.03271031,1.00000000,0.03365385,0.86057693,0.10576923,0.97196263,-1.00000000,0.02232143,0.80357140,0.17410715,1.04672897,1.00000000,0.38738739,0.45045045,0.16216215,1.03738320,0.50000000,0.23621669,0.38785046,0.27102804,-0.46728972,1.00000000,1.00000000,VERDE
